1331254050973749248,438032,0,1132,Tue Nov 24 15:11:13 +0000 2020
1331058730008539137,438032,25,3,Tue Nov 24 02:15:05 +0000 2020
1330635428949585926,438032,11879,471,Sun Nov 22 22:13:02 +0000 2020
1329894029295841284,438032,0,27,Fri Nov 20 21:06:59 +0000 2020
1329554764095492102,438032,0,581,Thu Nov 19 22:38:52 +0000 2020
1329161800731004928,438032,0,10619,Wed Nov 18 20:37:22 +0000 2020
1328488420742746114,438032,0,80,Tue Nov 17 00:01:36 +0000 2020
1327428182962806785,438032,3326,172,Sat Nov 14 01:48:35 +0000 2020
1327363112341790720,438032,5737,441,Fri Nov 13 21:30:01 +0000 2020
1325612863268982786,438032,0,1571,Mon Nov 09 01:35:09 +0000 2020
1325610212628291590,438032,0,1940,Mon Nov 09 01:24:37 +0000 2020
1325263771917496326,438032,0,22207,Sun Nov 08 02:28:00 +0000 2020
1324859415376310279,438032,0,75,Fri Nov 06 23:41:13 +0000 2020
1324833586390929409,438032,0,7168,Fri Nov 06 21:58:35 +0000 2020
1323078787429474304,438032,0,10331,Mon Nov 02 01:45:39 +0000 2020
1323029496073719813,438032,446,31,Sun Nov 01 22:29:47 +0000 2020
1323025330865655814,438032,5921,259,Sun Nov 01 22:13:14 +0000 2020
1323025033741127688,438032,0,1624,Sun Nov 01 22:12:03 +0000 2020
1323021743217385473,438032,18898,1124,Sun Nov 01 21:58:58 +0000 2020
1321180839116304384,438032,0,94,Tue Oct 27 20:03:53 +0000 2020
1320514291339067398,438032,4151,163,Sun Oct 25 23:55:15 +0000 2020
1320513470794735616,438032,0,134,Sun Oct 25 23:52:00 +0000 2020
1319354181719908352,438032,2035,111,Thu Oct 22 19:05:23 +0000 2020
1319073203843698688,438032,0,7186,Thu Oct 22 00:28:53 +0000 2020
1318720581303402501,438032,0,75,Wed Oct 21 01:07:41 +0000 2020
1318720520532131845,438032,0,47,Wed Oct 21 01:07:27 +0000 2020
1317986590292140032,438032,11284,659,Mon Oct 19 00:31:04 +0000 2020
1317527793626943488,438032,1093,52,Sat Oct 17 18:07:59 +0000 2020
1315842741239193602,438032,1130,126,Tue Oct 13 02:32:11 +0000 2020
1315640460782821377,438032,0,31139,Mon Oct 12 13:08:23 +0000 2020
1315464512213000192,438032,5353,254,Mon Oct 12 01:29:14 +0000 2020
1314316661554581504,438032,0,42,Thu Oct 08 21:28:05 +0000 2020
1313997877153234945,438032,0,14,Thu Oct 08 00:21:21 +0000 2020
1313647720024936448,438032,0,111,Wed Oct 07 01:09:57 +0000 2020
1312131044225638400,438032,814,60,Fri Oct 02 20:43:13 +0000 2020
1310934553448644610,438032,0,2743,Tue Sep 29 13:28:48 +0000 2020
1310404579327172608,438032,0,4080,Mon Sep 28 02:22:52 +0000 2020
1310352876909322240,438032,0,123,Sun Sep 27 22:57:25 +0000 2020
1310352830201581568,438032,0,1142,Sun Sep 27 22:57:14 +0000 2020
1309987331877883905,438032,0,140,Sat Sep 26 22:44:52 +0000 2020
1309987232187584513,438032,502,19,Sat Sep 26 22:44:29 +0000 2020
1309986070000529410,438032,0,195,Sat Sep 26 22:39:52 +0000 2020
1309950018770612224,438032,922,26,Sat Sep 26 20:16:36 +0000 2020
1309937233944875014,438032,609,156,Sat Sep 26 19:25:48 +0000 2020
1309326006596112384,438032,0,7,Fri Sep 25 02:57:00 +0000 2020
1307788396560084997,438032,0,119,Sun Sep 20 21:07:05 +0000 2020
1304480520068370432,438032,16,0,Fri Sep 11 18:02:46 +0000 2020
1303770829281525762,438032,13188,904,Wed Sep 09 19:02:43 +0000 2020
1301884270391308288,438032,0,45,Fri Sep 04 14:06:12 +0000 2020
1301293252298055680,438032,0,33191,Wed Sep 02 22:57:42 +0000 2020
1301292222873305094,438032,0,17,Wed Sep 02 22:53:37 +0000 2020
1300582758968897538,438032,9886,723,Mon Aug 31 23:54:28 +0000 2020
1300474525281329152,438032,0,27549,Mon Aug 31 16:44:23 +0000 2020
1300119064359116800,438032,0,27164,Sun Aug 30 17:11:54 +0000 2020
1300097211284553732,438032,6188,953,Sun Aug 30 15:45:04 +0000 2020
1300090061984325634,438032,0,2448,Sun Aug 30 15:16:39 +0000 2020
1300089975783018497,438032,0,15746,Sun Aug 30 15:16:19 +0000 2020
1299740764327555077,438032,0,28300,Sat Aug 29 16:08:40 +0000 2020
1299739105002127360,438032,0,129239,Sat Aug 29 16:02:05 +0000 2020
1299738639660912648,438032,0,22883,Sat Aug 29 16:00:14 +0000 2020
1299738233501290496,438032,0,40,Sat Aug 29 15:58:37 +0000 2020
1299540013294723072,438032,23849,1739,Sat Aug 29 02:50:58 +0000 2020
1299124472767746055,438032,0,31491,Thu Aug 27 23:19:45 +0000 2020
1299094192103317505,438032,0,49723,Thu Aug 27 21:19:26 +0000 2020
1299093441150939136,438032,0,169267,Thu Aug 27 21:16:27 +0000 2020
1299093422867976192,438032,0,73186,Thu Aug 27 21:16:22 +0000 2020
1298738241408061444,438032,0,282374,Wed Aug 26 21:45:00 +0000 2020
1298630527260471297,438032,0,43966,Wed Aug 26 14:36:59 +0000 2020
1298595678348877826,438032,0,148408,Wed Aug 26 12:18:31 +0000 2020
1298429914484559872,438032,9512,1018,Wed Aug 26 01:19:49 +0000 2020
1298410689292312576,438032,0,659,Wed Aug 26 00:03:26 +0000 2020
1298369227745828870,438032,0,138,Tue Aug 25 21:18:41 +0000 2020
1298045595798708224,438032,0,3868,Mon Aug 24 23:52:41 +0000 2020
1295142927631605761,438032,3600,497,Sun Aug 16 23:38:31 +0000 2020
1293375115506397184,438032,0,33865,Wed Aug 12 02:33:51 +0000 2020
1293368580872994819,438032,1788,88,Wed Aug 12 02:07:53 +0000 2020
1292918647334281217,438032,42,5,Mon Aug 10 20:20:01 +0000 2020
1292918601696120832,438032,138,12,Mon Aug 10 20:19:50 +0000 2020
1292918536483020800,438032,125,11,Mon Aug 10 20:19:35 +0000 2020
1292918463535763458,438032,128,10,Mon Aug 10 20:19:17 +0000 2020
1292918352051142656,438032,180,15,Mon Aug 10 20:18:51 +0000 2020
1292918239568236545,438032,29,5,Mon Aug 10 20:18:24 +0000 2020
1292918186460012545,438032,23,3,Mon Aug 10 20:18:11 +0000 2020
1292918125403545616,438032,40,7,Mon Aug 10 20:17:57 +0000 2020
1292918053592797184,438032,32,5,Mon Aug 10 20:17:39 +0000 2020
1292917971560599552,438032,36,5,Mon Aug 10 20:17:20 +0000 2020
1292859303616012295,438032,0,47,Mon Aug 10 16:24:12 +0000 2020
1292792471563522048,438032,0,107,Mon Aug 10 11:58:38 +0000 2020
1292497709870592000,438032,62,16,Sun Aug 09 16:27:22 +0000 2020
1291932747158753280,438032,0,312,Sat Aug 08 03:02:24 +0000 2020
1291913084853014532,438032,0,6,Sat Aug 08 01:44:16 +0000 2020
1291910129500205058,438032,13051,744,Sat Aug 08 01:32:32 +0000 2020
1291539177197252609,438032,0,168,Fri Aug 07 00:58:30 +0000 2020
1291538838809202688,438032,2,0,Fri Aug 07 00:57:09 +0000 2020
1291168208347693058,438032,2015,311,Thu Aug 06 00:24:24 +0000 2020
1291122364999241728,438032,0,44,Wed Aug 05 21:22:14 +0000 2020
1290745532244201474,438032,0,20,Tue Aug 04 20:24:50 +0000 2020
1290061897123807233,438032,0,981,Sun Aug 02 23:08:19 +0000 2020
1289681622661345280,438032,0,14,Sat Aug 01 21:57:14 +0000 2020
1289405763266330627,438032,3,0,Sat Aug 01 03:41:04 +0000 2020
1289199825460834310,438032,1380,184,Fri Jul 31 14:02:45 +0000 2020
1288928196021424130,438032,0,33,Thu Jul 30 20:03:23 +0000 2020
1288617166988881922,438032,476,24,Wed Jul 29 23:27:28 +0000 2020
1288519904652664834,438032,531,87,Wed Jul 29 17:00:59 +0000 2020
1288519199573389312,438032,0,249,Wed Jul 29 16:58:11 +0000 2020
1288519092262129665,438032,0,79,Wed Jul 29 16:57:45 +0000 2020
1288517699220447232,438032,0,26935,Wed Jul 29 16:52:13 +0000 2020
1287756375251181570,438032,1677,322,Mon Jul 27 14:26:59 +0000 2020
1287529703159603202,438032,0,460,Sun Jul 26 23:26:17 +0000 2020
1287453780318007298,438032,0,741,Sun Jul 26 18:24:35 +0000 2020
1287396178020245504,438032,0,653,Sun Jul 26 14:35:42 +0000 2020
1287396143723315203,438032,0,1111,Sun Jul 26 14:35:33 +0000 2020
1287117085198503936,438032,0,419,Sat Jul 25 20:06:41 +0000 2020
1286864964595126272,438032,0,559,Sat Jul 25 03:24:51 +0000 2020
1286760707460083720,438032,0,653,Fri Jul 24 20:30:34 +0000 2020
1286328269135130628,438032,100,4,Thu Jul 23 15:52:12 +0000 2020
1286322948442329088,438032,0,37,Thu Jul 23 15:31:04 +0000 2020
1286145880937168896,438032,2548,202,Thu Jul 23 03:47:28 +0000 2020
1286077608137035777,438032,0,6878,Wed Jul 22 23:16:10 +0000 2020
1286057240278044673,438032,0,22745,Wed Jul 22 21:55:14 +0000 2020
1285703924079570944,438032,0,36459,Tue Jul 21 22:31:17 +0000 2020
1285703294829105152,438032,0,350,Tue Jul 21 22:28:47 +0000 2020
1285419158696591363,438032,0,799,Tue Jul 21 03:39:44 +0000 2020
1285340042106478593,438032,1159,113,Mon Jul 20 22:25:21 +0000 2020
1285053844267859970,438032,0,18666,Mon Jul 20 03:28:06 +0000 2020
1284926718344663048,438032,0,4809,Sun Jul 19 19:02:57 +0000 2020
1284891723798388742,438032,3017,250,Sun Jul 19 16:43:53 +0000 2020
1284640969745457152,438032,0,99,Sun Jul 19 00:07:29 +0000 2020
1284526307322343427,438032,0,43492,Sat Jul 18 16:31:51 +0000 2020
1284485762935906307,438032,0,1603,Sat Jul 18 13:50:45 +0000 2020
1284305126539309061,438032,359,4,Sat Jul 18 01:52:58 +0000 2020
1284267803533615110,438032,1848,52,Fri Jul 17 23:24:39 +0000 2020
1284203073523593218,438032,501,27,Fri Jul 17 19:07:26 +0000 2020
1284189106940055554,438032,0,1457,Fri Jul 17 18:11:56 +0000 2020
1284164437625077760,438032,137,3,Fri Jul 17 16:33:55 +0000 2020
1284164299448037380,438032,2,0,Fri Jul 17 16:33:22 +0000 2020
1283833230593003520,438032,0,20,Thu Jul 16 18:37:49 +0000 2020
1283781703547396097,438032,120,11,Thu Jul 16 15:13:04 +0000 2020
1283764354861522945,438032,0,5931,Thu Jul 16 14:04:08 +0000 2020
1283752764133212161,438032,815,65,Thu Jul 16 13:18:04 +0000 2020
1283752557060534273,438032,15,0,Thu Jul 16 13:17:15 +0000 2020
1283752362662924290,438032,0,9,Thu Jul 16 13:16:28 +0000 2020
1283446358679191554,438032,0,10836,Wed Jul 15 17:00:31 +0000 2020
1283206509531406337,438032,0,11079,Wed Jul 15 01:07:27 +0000 2020
1282858790170304517,438032,2733,241,Tue Jul 14 02:05:44 +0000 2020
1282420408432693253,438032,0,7947,Sun Jul 12 21:03:46 +0000 2020
1282413850252501001,438032,0,91651,Sun Jul 12 20:37:42 +0000 2020
1281335901159927810,438032,55,2,Thu Jul 09 21:14:19 +0000 2020
1281274754947854336,438032,0,887,Thu Jul 09 17:11:21 +0000 2020
1280670746252136450,438032,29,0,Wed Jul 08 01:11:14 +0000 2020
1280591049098964993,438032,0,650,Tue Jul 07 19:54:32 +0000 2020
1280519958179581952,438032,0,4000,Tue Jul 07 15:12:03 +0000 2020
1280242647588900864,438032,0,186909,Mon Jul 06 20:50:07 +0000 2020
1280241999229173760,438032,0,33912,Mon Jul 06 20:47:33 +0000 2020
1279903858647543808,438032,14,0,Sun Jul 05 22:23:54 +0000 2020
1279795123501576193,438032,93,1,Sun Jul 05 15:11:49 +0000 2020
1279793951814402058,438032,0,4,Sun Jul 05 15:07:10 +0000 2020
1279776187217260544,438032,0,18,Sun Jul 05 13:56:34 +0000 2020
1279583185861586946,438032,0,58,Sun Jul 05 01:09:39 +0000 2020
1279536755931308032,438032,18,0,Sat Jul 04 22:05:09 +0000 2020
1279529623781552134,438032,11360,1214,Sat Jul 04 21:36:49 +0000 2020
1279510961746051076,438032,0,57,Sat Jul 04 20:22:40 +0000 2020
1279137203386490880,438032,0,63621,Fri Jul 03 19:37:29 +0000 2020
1279115758975488002,438032,0,25717,Fri Jul 03 18:12:16 +0000 2020
1278888155731681281,438032,0,8672,Fri Jul 03 03:07:51 +0000 2020
1278857397285634048,438032,41,1,Fri Jul 03 01:05:38 +0000 2020
1278857343237787652,438032,0,23,Fri Jul 03 01:05:25 +0000 2020
1278403742279307273,438032,0,34,Wed Jul 01 19:02:58 +0000 2020
1278313732804947968,438032,0,26,Wed Jul 01 13:05:18 +0000 2020
1278313722893795328,438032,0,962,Wed Jul 01 13:05:16 +0000 2020
1278154376830427140,438032,1365,154,Wed Jul 01 02:32:05 +0000 2020
1277777696882413569,438032,0,27,Tue Jun 30 01:35:17 +0000 2020
1277677492229332995,438032,0,6,Mon Jun 29 18:57:06 +0000 2020
1277661319840387074,438032,55,2,Mon Jun 29 17:52:51 +0000 2020
1277661130685546496,438032,0,277,Mon Jun 29 17:52:06 +0000 2020
1277588726168895489,438032,0,38361,Mon Jun 29 13:04:23 +0000 2020
1277361750946578434,438032,2,0,Sun Jun 28 22:02:28 +0000 2020
1277253924660170753,438032,0,98,Sun Jun 28 14:54:00 +0000 2020
1277253291106283525,438032,0,26,Sun Jun 28 14:51:29 +0000 2020
1277242985093234688,438032,0,1562,Sun Jun 28 14:10:32 +0000 2020
1277213032364597253,438032,0,17793,Sun Jun 28 12:11:31 +0000 2020
1277069199232434176,438032,322,3,Sun Jun 28 02:39:58 +0000 2020
1277015800717750273,438032,2772,89,Sat Jun 27 23:07:47 +0000 2020
1277006585987051520,438032,9786,358,Sat Jun 27 22:31:10 +0000 2020
1276618894266990592,438032,0,350,Fri Jun 26 20:50:37 +0000 2020
1276338046657495043,438032,0,165254,Fri Jun 26 02:14:38 +0000 2020
1276337044944490498,438032,60,2,Fri Jun 26 02:10:39 +0000 2020
1276337026565132289,438032,0,13,Fri Jun 26 02:10:34 +0000 2020
1276198174533857280,438032,44,2,Thu Jun 25 16:58:50 +0000 2020
1275995844886568960,438032,0,35,Thu Jun 25 03:34:50 +0000 2020
1275961876669702144,438032,0,3930,Thu Jun 25 01:19:52 +0000 2020
1275937367812079616,438032,0,573,Wed Jun 24 23:42:28 +0000 2020
1275884010909118465,438032,49,0,Wed Jun 24 20:10:27 +0000 2020
1275237537074864128,438032,57,3,Tue Jun 23 01:21:36 +0000 2020
1275210170004635649,438032,0,12,Mon Jun 22 23:32:51 +0000 2020
1275210089964724225,438032,0,4,Mon Jun 22 23:32:32 +0000 2020
1275169388686180355,438032,0,79559,Mon Jun 22 20:50:48 +0000 2020
1274769678959808512,438032,0,17897,Sun Jun 21 18:22:30 +0000 2020
1274743795750514689,438032,2951,506,Sun Jun 21 16:39:39 +0000 2020
1274732800143437824,438032,0,10,Sun Jun 21 15:55:57 +0000 2020
1274732708061724672,438032,418,26,Sun Jun 21 15:55:35 +0000 2020
1274732573055467521,438032,0,2,Sun Jun 21 15:55:03 +0000 2020
1274521891294904322,438032,29,0,Sun Jun 21 01:57:53 +0000 2020
1274425005229645825,438032,121,3,Sat Jun 20 19:32:53 +0000 2020
1274422367863869441,438032,1678,293,Sat Jun 20 19:22:24 +0000 2020
1274421973678989315,438032,297,48,Sat Jun 20 19:20:50 +0000 2020
1274313034387857409,438032,0,33826,Sat Jun 20 12:07:57 +0000 2020
1273809361421336576,438032,0,1167,Fri Jun 19 02:46:32 +0000 2020
1273807925979615232,438032,0,3,Fri Jun 19 02:40:50 +0000 2020
1273695821201104903,438032,0,4,Thu Jun 18 19:15:22 +0000 2020
1273685895414243330,438032,1,1,Thu Jun 18 18:35:56 +0000 2020
1273685776740626432,438032,0,3,Thu Jun 18 18:35:27 +0000 2020
1273317623741255681,438032,0,3,Wed Jun 17 18:12:33 +0000 2020
1273308154625916928,438032,26,0,Wed Jun 17 17:34:55 +0000 2020
1273308126951944194,438032,1061,106,Wed Jun 17 17:34:49 +0000 2020
1273307910949519363,438032,2261,92,Wed Jun 17 17:33:57 +0000 2020
1273059104295182339,438032,24,0,Wed Jun 17 01:05:17 +0000 2020
1273042542435631105,438032,0,37,Tue Jun 16 23:59:28 +0000 2020
1273028606386724870,438032,0,307,Tue Jun 16 23:04:06 +0000 2020
1273002904304181249,438032,7,0,Tue Jun 16 21:21:58 +0000 2020
1273002843717472256,438032,0,5,Tue Jun 16 21:21:43 +0000 2020
1272957418608250881,438032,1934,212,Tue Jun 16 18:21:13 +0000 2020
1272956198002798595,438032,0,20,Tue Jun 16 18:16:22 +0000 2020
1272956105203879938,438032,0,2,Tue Jun 16 18:16:00 +0000 2020
1272879683340820482,438032,0,115412,Tue Jun 16 13:12:20 +0000 2020
1272868217766248450,438032,513,7,Tue Jun 16 12:26:46 +0000 2020
1272688924398440449,438032,0,5,Tue Jun 16 00:34:19 +0000 2020
1272662866303352834,438032,106,18,Mon Jun 15 22:50:46 +0000 2020
1272540077521076224,438032,0,118491,Mon Jun 15 14:42:51 +0000 2020
1272303032013934594,438032,0,10,Sun Jun 14 23:00:55 +0000 2020
1272303011285606400,438032,21,2,Sun Jun 14 23:00:50 +0000 2020
1271538270925656072,438032,0,4,Fri Jun 12 20:22:02 +0000 2020
1271538219335720963,438032,0,9,Fri Jun 12 20:21:50 +0000 2020
1271488411438845961,438032,0,350490,Fri Jun 12 17:03:55 +0000 2020
1271201182195822593,438032,491,73,Thu Jun 11 22:02:34 +0000 2020
1271200629776683009,438032,0,14999,Thu Jun 11 22:00:22 +0000 2020
1270780796941611010,438032,0,23,Wed Jun 10 18:12:06 +0000 2020
1270780337489141761,438032,0,22,Wed Jun 10 18:10:17 +0000 2020
1270479681264005120,438032,0,186578,Tue Jun 09 22:15:35 +0000 2020
1270341528326754304,438032,0,16048,Tue Jun 09 13:06:36 +0000 2020
1270078032108228626,438032,0,213213,Mon Jun 08 19:39:34 +0000 2020
1270048680666595330,438032,0,42581,Mon Jun 08 17:42:56 +0000 2020
1269973814781362176,438032,450,4,Mon Jun 08 12:45:27 +0000 2020
1269945262832857088,438032,0,721,Mon Jun 08 10:51:59 +0000 2020
1269712708233867264,438032,0,921,Sun Jun 07 19:27:54 +0000 2020
1269430324745961472,438032,574,7,Sun Jun 07 00:45:48 +0000 2020
1269429158012207104,438032,0,222,Sun Jun 07 00:41:10 +0000 2020
1269416958329585664,438032,1572,16,Sat Jun 06 23:52:42 +0000 2020
1269396355795038209,438032,3,0,Sat Jun 06 22:30:50 +0000 2020
1269394457037869059,438032,0,97,Sat Jun 06 22:23:17 +0000 2020
1269386671470137345,438032,403,4,Sat Jun 06 21:52:21 +0000 2020
1269374465957416961,438032,0,39,Sat Jun 06 21:03:51 +0000 2020
1269372253336207362,438032,0,19,Sat Jun 06 20:55:03 +0000 2020
1269372222671634435,438032,71,2,Sat Jun 06 20:54:56 +0000 2020
1269369611901960192,438032,240885,30424,Sat Jun 06 20:44:33 +0000 2020
1269354102586310658,438032,0,3703,Sat Jun 06 19:42:56 +0000 2020
1268972412990824453,438032,0,259815,Fri Jun 05 18:26:14 +0000 2020
1268962671598190592,438032,0,44101,Fri Jun 05 17:47:31 +0000 2020
1268962324573978624,438032,0,37829,Fri Jun 05 17:46:09 +0000 2020
1268661631652954118,438032,0,194563,Thu Jun 04 21:51:18 +0000 2020
1268657047043784712,438032,0,1465,Thu Jun 04 21:33:05 +0000 2020
1268628095206068229,438032,0,13400,Thu Jun 04 19:38:02 +0000 2020
1268625596105490436,438032,0,1349,Thu Jun 04 19:28:06 +0000 2020
1268583520403890176,438032,0,1662,Thu Jun 04 16:40:55 +0000 2020
1268580949266239496,438032,0,4657,Thu Jun 04 16:30:42 +0000 2020
1268196159337742336,438032,0,11684,Wed Jun 03 15:01:40 +0000 2020
1267833514608799746,438032,659,78,Tue Jun 02 15:00:39 +0000 2020
1267537163899502592,438032,0,434,Mon Jun 01 19:23:04 +0000 2020
1267503588781305857,438032,5999,994,Mon Jun 01 17:09:39 +0000 2020
1267500239302340613,438032,1287,168,Mon Jun 01 16:56:20 +0000 2020
1267498983783641088,438032,0,126887,Mon Jun 01 16:51:21 +0000 2020
1267467982776786944,438032,0,9417,Mon Jun 01 14:48:10 +0000 2020
1267466975283904516,438032,0,81,Mon Jun 01 14:44:09 +0000 2020
1267287149071736832,438032,0,2,Mon Jun 01 02:49:36 +0000 2020
1267255608522215426,438032,1595,153,Mon Jun 01 00:44:16 +0000 2020
1267174123366744065,438032,0,28777,Sun May 31 19:20:28 +0000 2020
1267163909116624896,438032,0,122476,Sun May 31 18:39:53 +0000 2020
1266897577250828288,438032,2011,109,Sun May 31 01:01:34 +0000 2020
1266711313088237568,438032,19,2,Sat May 30 12:41:26 +0000 2020
1266709924559687680,438032,223,5,Sat May 30 12:35:55 +0000 2020
1266708575814127617,438032,5989,959,Sat May 30 12:30:33 +0000 2020
1266707049037135873,438032,0,28468,Sat May 30 12:24:29 +0000 2020
1266703743824863232,438032,0,198489,Sat May 30 12:11:21 +0000 2020
1266514275956391936,438032,310,7,Fri May 29 23:38:28 +0000 2020
1266514231773495296,438032,0,192,Fri May 29 23:38:18 +0000 2020
1266495003548934146,438032,0,4942,Fri May 29 22:21:53 +0000 2020
1266424774357659649,438032,0,363,Fri May 29 17:42:49 +0000 2020
1266216242706362370,438032,26,0,Fri May 29 03:54:12 +0000 2020
1266216209915301888,438032,0,8,Fri May 29 03:54:04 +0000 2020
1266189487916363776,438032,0,124003,Fri May 29 02:07:53 +0000 2020
1266125124366983176,438032,0,94,Thu May 28 21:52:07 +0000 2020
1266124991134871552,438032,0,8,Thu May 28 21:51:36 +0000 2020
1266104482573815822,438032,0,10,Thu May 28 20:30:06 +0000 2020
1266095454879711237,438032,4562,304,Thu May 28 19:54:14 +0000 2020
1266095395878436865,438032,12923,943,Thu May 28 19:53:59 +0000 2020
1266094381620133889,438032,0,13,Thu May 28 19:49:58 +0000 2020
1266060433456316423,438032,185,10,Thu May 28 17:35:04 +0000 2020
1266054028628316160,438032,3,0,Thu May 28 17:09:37 +0000 2020
1266040192516927488,438032,0,166163,Thu May 28 16:14:38 +0000 2020
1265998515215437827,438032,2285,172,Thu May 28 13:29:01 +0000 2020
1265792586595303424,438032,3690,364,Wed May 27 23:50:44 +0000 2020
1265686679102337025,438032,0,14114,Wed May 27 16:49:54 +0000 2020
1265647165461889024,438032,0,9,Wed May 27 14:12:53 +0000 2020
1265646658563563520,438032,0,38,Wed May 27 14:10:52 +0000 2020
1265646585498787840,438032,3191,443,Wed May 27 14:10:35 +0000 2020
1265431321368760320,438032,0,660,Tue May 26 23:55:12 +0000 2020
1264754478135287809,438032,2093,235,Mon May 25 03:05:40 +0000 2020
1264546255457398786,438032,32,0,Sun May 24 13:18:16 +0000 2020
1264326235997573122,438032,0,25,Sat May 23 22:43:59 +0000 2020
1264326226925281282,438032,0,31,Sat May 23 22:43:57 +0000 2020
1264313826486505474,438032,0,11,Sat May 23 21:54:40 +0000 2020
1264292266438471681,438032,67816,4433,Sat May 23 20:29:00 +0000 2020
1263604050559410177,438032,0,11,Thu May 21 22:54:16 +0000 2020
1263555235865415682,438032,0,56,Thu May 21 19:40:18 +0000 2020
1263483170940485632,438032,0,30,Thu May 21 14:53:56 +0000 2020
1263440005365665792,438032,0,1,Thu May 21 12:02:25 +0000 2020
1263271009953734663,438032,782,96,Thu May 21 00:50:53 +0000 2020
1262443400466501632,438032,5903,361,Mon May 18 18:02:16 +0000 2020
1262366668690423809,438032,728,92,Mon May 18 12:57:22 +0000 2020
1262197476326551559,438032,124,4,Mon May 18 01:45:03 +0000 2020
1261808535152795650,438032,0,60,Sat May 16 23:59:32 +0000 2020
1261752972511514624,438032,0,5,Sat May 16 20:18:45 +0000 2020
1261752922645442563,438032,1,0,Sat May 16 20:18:33 +0000 2020
1261649100207984641,438032,0,1117,Sat May 16 13:26:00 +0000 2020
1261491612296908802,438032,6072,329,Sat May 16 03:00:12 +0000 2020
1261490775189344258,438032,1646,232,Sat May 16 02:56:52 +0000 2020
1261402805366996992,438032,840,110,Fri May 15 21:07:19 +0000 2020
1261388601301975040,438032,3392,227,Fri May 15 20:10:52 +0000 2020
1260034904265392139,438032,0,6377,Tue May 12 02:31:46 +0000 2020
1259951428400971781,438032,300,18,Mon May 11 21:00:03 +0000 2020
1259640524346134528,438032,28,0,Mon May 11 00:24:38 +0000 2020
1259639870097698816,438032,1050,146,Mon May 11 00:22:02 +0000 2020
1259638851137687555,438032,174,15,Mon May 11 00:17:59 +0000 2020
1258811987309596674,438032,0,10,Fri May 08 17:32:20 +0000 2020
1258811791959896065,438032,0,12,Fri May 08 17:31:33 +0000 2020
1258463108508594176,438032,0,986,Thu May 07 18:26:00 +0000 2020
1258173400192876545,438032,0,870,Wed May 06 23:14:48 +0000 2020
1258173283259879424,438032,234,19,Wed May 06 23:14:21 +0000 2020
1258088740280569856,438032,66,2,Wed May 06 17:38:24 +0000 2020
1258073655260700673,438032,333,8,Wed May 06 16:38:27 +0000 2020
1257819695501250565,438032,0,1,Tue May 05 23:49:19 +0000 2020
1257795519772012544,438032,637,17,Tue May 05 22:13:15 +0000 2020
1257795154078990337,438032,0,5730,Tue May 05 22:11:48 +0000 2020
1257774384678178817,438032,0,12,Tue May 05 20:49:16 +0000 2020
1257706979822309378,438032,0,170,Tue May 05 16:21:25 +0000 2020
1257685823367131137,438032,1831,93,Tue May 05 14:57:21 +0000 2020
1257685103859445760,438032,10080,760,Tue May 05 14:54:30 +0000 2020
1257677356468244481,438032,0,92,Tue May 05 14:23:42 +0000 2020
1257677344027947009,438032,0,55,Tue May 05 14:23:39 +0000 2020
1257677334410342406,438032,0,1354,Tue May 05 14:23:37 +0000 2020
1257366700024123393,438032,0,1585,Mon May 04 17:49:16 +0000 2020
1257345437306097665,438032,0,30940,Mon May 04 16:24:47 +0000 2020
1256749353542266881,438032,0,293,Sun May 03 00:56:09 +0000 2020
1256322181341966336,438032,0,31598,Fri May 01 20:38:44 +0000 2020
1256261323429687296,438032,0,28,Fri May 01 16:36:54 +0000 2020
1256256055186722821,438032,0,547,Fri May 01 16:15:58 +0000 2020
1256195653870465025,438032,0,1629,Fri May 01 12:15:57 +0000 2020
1256002233956777985,438032,0,54,Thu Apr 30 23:27:22 +0000 2020
1255901294621057027,438032,71,0,Thu Apr 30 16:46:16 +0000 2020
1255881426110689281,438032,0,2868,Thu Apr 30 15:27:19 +0000 2020
1255878786404540419,438032,0,7079,Thu Apr 30 15:16:50 +0000 2020
1255307851280584704,438032,0,118,Wed Apr 29 01:28:08 +0000 2020
1254980408128745472,438032,0,1049,Tue Apr 28 03:47:00 +0000 2020
1254802729769283584,438032,0,2239,Mon Apr 27 16:00:58 +0000 2020
1254169824852402176,438032,0,10,Sat Apr 25 22:06:02 +0000 2020
1254126118610796551,438032,6276,383,Sat Apr 25 19:12:21 +0000 2020
1254125162519289857,438032,507,48,Sat Apr 25 19:08:33 +0000 2020
1254045446772862977,438032,966,71,Sat Apr 25 13:51:48 +0000 2020
1253897735423569921,438032,5133,235,Sat Apr 25 04:04:51 +0000 2020
1253536858899984385,438032,0,74,Fri Apr 24 04:10:51 +0000 2020
1253025965418176512,438032,0,183,Wed Apr 22 18:20:44 +0000 2020
1252648791540404224,438032,129,2,Tue Apr 21 17:21:59 +0000 2020
1252085744618921984,438032,0,152,Mon Apr 20 04:04:38 +0000 2020
1251947753946722304,438032,620,44,Sun Apr 19 18:56:19 +0000 2020
1251919935393222657,438032,0,3559,Sun Apr 19 17:05:46 +0000 2020
1251601341207785472,438032,376,2,Sat Apr 18 19:59:48 +0000 2020
1251561756843016193,438032,645,88,Sat Apr 18 17:22:30 +0000 2020
1251560722657656833,438032,0,37517,Sat Apr 18 17:18:23 +0000 2020
1251227835567570944,438032,16,1,Fri Apr 17 19:15:37 +0000 2020
1250812896273195008,438032,287,13,Thu Apr 16 15:46:48 +0000 2020
1250610085946146818,438032,0,240,Thu Apr 16 02:20:54 +0000 2020
1250467553228525570,438032,67,2,Wed Apr 15 16:54:31 +0000 2020
1250467280443584514,438032,0,27,Wed Apr 15 16:53:26 +0000 2020
1250467257337118725,438032,0,13,Wed Apr 15 16:53:21 +0000 2020
1250397742679105537,438032,0,313,Wed Apr 15 12:17:07 +0000 2020
1250099804631433218,438032,0,401,Tue Apr 14 16:33:13 +0000 2020
1249881588860624897,438032,0,2015,Tue Apr 14 02:06:07 +0000 2020
1249411493826830337,438032,0,125,Sun Apr 12 18:58:07 +0000 2020
1248449671003099136,438032,0,300,Fri Apr 10 03:16:11 +0000 2020
1248449579294633984,438032,0,537,Fri Apr 10 03:15:49 +0000 2020
1248422868066512901,438032,0,194,Fri Apr 10 01:29:40 +0000 2020
1248395310214217729,438032,0,446,Thu Apr 09 23:40:10 +0000 2020
1248081837269925888,438032,0,46,Thu Apr 09 02:54:32 +0000 2020
1247964616321368064,438032,0,635,Wed Apr 08 19:08:45 +0000 2020
1247618247287062530,438032,25,0,Tue Apr 07 20:12:24 +0000 2020
1247618136217616386,438032,0,562,Tue Apr 07 20:11:57 +0000 2020
1247617907024171009,438032,0,21,Tue Apr 07 20:11:03 +0000 2020
1247560758151589891,438032,0,55,Tue Apr 07 16:23:57 +0000 2020
1247333849115303938,438032,0,3090,Tue Apr 07 01:22:18 +0000 2020
1247212310487318530,438032,0,836,Mon Apr 06 17:19:21 +0000 2020
1247201006091370496,438032,256,15,Mon Apr 06 16:34:26 +0000 2020
1246558987132309512,438032,0,120,Sat Apr 04 22:03:17 +0000 2020
1246463596084834305,438032,0,20074,Sat Apr 04 15:44:14 +0000 2020
1246267526457307136,438032,0,26,Sat Apr 04 02:45:07 +0000 2020
1246257016244506624,438032,0,7,Sat Apr 04 02:03:21 +0000 2020
1246110783236431874,438032,0,479,Fri Apr 03 16:22:16 +0000 2020
1246097007925747712,438032,0,2255,Fri Apr 03 15:27:32 +0000 2020
1245768598360072193,438032,0,821,Thu Apr 02 17:42:33 +0000 2020
1245438988682493952,438032,0,19877,Wed Apr 01 19:52:48 +0000 2020
1245129424124686336,438032,0,442,Tue Mar 31 23:22:42 +0000 2020
1243636328727826434,438032,839,33,Fri Mar 27 20:29:41 +0000 2020
1243534818975064067,438032,0,62,Fri Mar 27 13:46:19 +0000 2020
1243372764905562114,438032,3114,291,Fri Mar 27 03:02:22 +0000 2020
1243035381454573568,438032,0,5978,Thu Mar 26 04:41:44 +0000 2020
1242543924335476736,438032,0,427,Tue Mar 24 20:08:51 +0000 2020
1242490635644436483,438032,265,13,Tue Mar 24 16:37:06 +0000 2020
1242219763373346817,438032,3,0,Mon Mar 23 22:40:45 +0000 2020
1242219478072647691,438032,0,1,Mon Mar 23 22:39:37 +0000 2020
1242159150026588167,438032,0,6,Mon Mar 23 18:39:54 +0000 2020
1241844611288530944,438032,0,8,Sun Mar 22 21:50:02 +0000 2020
1241782403942830082,438032,0,188,Sun Mar 22 17:42:50 +0000 2020
1241763448377282560,438032,0,10114,Sun Mar 22 16:27:31 +0000 2020
1241762946495254529,438032,0,29388,Sun Mar 22 16:25:31 +0000 2020
1241365042634858496,438032,376,27,Sat Mar 21 14:04:24 +0000 2020
1241063852789452801,438032,0,457,Fri Mar 20 18:07:35 +0000 2020
1241063235769556993,438032,0,1821,Fri Mar 20 18:05:07 +0000 2020
1241062955137093632,438032,8151,612,Fri Mar 20 18:04:00 +0000 2020
1240844475959738369,438032,0,267227,Fri Mar 20 03:35:51 +0000 2020
1240842652658159617,438032,0,13,Fri Mar 20 03:28:36 +0000 2020
1240835871366090754,438032,126,14,Fri Mar 20 03:01:40 +0000 2020
1240835165691265025,438032,0,520,Fri Mar 20 02:58:51 +0000 2020
1240697531572486144,438032,276,16,Thu Mar 19 17:51:57 +0000 2020
1240443413805359104,438032,0,15134,Thu Mar 19 01:02:10 +0000 2020
1239947690227699712,438032,0,117887,Tue Mar 17 16:12:21 +0000 2020
1239707050873151493,438032,708,32,Tue Mar 17 00:16:08 +0000 2020
1239705352867897347,438032,4415,218,Tue Mar 17 00:09:23 +0000 2020
1239594170618204165,438032,0,1264,Mon Mar 16 16:47:35 +0000 2020
1239588313939562497,438032,0,13,Mon Mar 16 16:24:19 +0000 2020
1239588304984694785,438032,0,102,Mon Mar 16 16:24:17 +0000 2020
1239587715445899264,438032,0,21018,Mon Mar 16 16:21:56 +0000 2020
1238958042403799043,438032,733,98,Sat Mar 14 22:39:50 +0000 2020
1238657849586302977,438032,256,16,Sat Mar 14 02:46:59 +0000 2020
1238551840918310913,438032,0,276,Fri Mar 13 19:45:44 +0000 2020
1238302456251133953,438032,0,29,Fri Mar 13 03:14:46 +0000 2020
1237807689775923201,438032,0,2512,Wed Mar 11 18:28:45 +0000 2020
1237756739115761667,438032,0,386,Wed Mar 11 15:06:17 +0000 2020
1237108496329510918,438032,0,6,Mon Mar 09 20:10:24 +0000 2020
1237086482898305025,438032,0,895,Mon Mar 09 18:42:56 +0000 2020
1236528103515701249,438032,451,16,Sun Mar 08 05:44:08 +0000 2020
1236068234358636544,438032,0,42331,Fri Mar 06 23:16:46 +0000 2020
1235970776228118533,438032,7,0,Fri Mar 06 16:49:30 +0000 2020
1235715461087744006,438032,279,19,Thu Mar 05 23:54:59 +0000 2020
1235578857463459841,438032,0,82733,Thu Mar 05 14:52:10 +0000 2020
1235399078252556288,438032,0,35151,Thu Mar 05 02:57:47 +0000 2020
1234640813579173891,438032,4016,305,Tue Mar 03 00:44:43 +0000 2020
1234638512814575616,438032,786,51,Tue Mar 03 00:35:34 +0000 2020
1234164250245042177,438032,0,82280,Sun Mar 01 17:11:01 +0000 2020
1233947725525405697,438032,0,14362,Sun Mar 01 02:50:38 +0000 2020
1233853585407926273,438032,0,422,Sat Feb 29 20:36:33 +0000 2020
1233576954202214404,438032,0,18443,Sat Feb 29 02:17:19 +0000 2020
1233509732545105922,438032,0,117,Fri Feb 28 21:50:12 +0000 2020
1232167276779995136,438032,0,22779,Tue Feb 25 04:55:46 +0000 2020
1232091476466622464,438032,0,137,Mon Feb 24 23:54:33 +0000 2020
1230657803527868427,438032,0,152,Fri Feb 21 00:57:39 +0000 2020
1230641068573626368,438032,62,5,Thu Feb 20 23:51:09 +0000 2020
1230640807851544577,438032,0,28,Thu Feb 20 23:50:07 +0000 2020
1229847258813935617,438032,0,451,Tue Feb 18 19:16:50 +0000 2020
1229269714855251968,438032,12,0,Mon Feb 17 05:01:53 +0000 2020
1229143770081452034,438032,0,15,Sun Feb 16 20:41:25 +0000 2020
1228392941154119680,438032,24,1,Fri Feb 14 18:57:54 +0000 2020
1227683864786632704,438032,0,23,Wed Feb 12 20:00:17 +0000 2020
1227683854665863171,438032,0,82,Wed Feb 12 20:00:14 +0000 2020
1227456567613775873,438032,129,10,Wed Feb 12 04:57:05 +0000 2020
1227386509822758913,438032,0,608,Wed Feb 12 00:18:42 +0000 2020
1227373593463590913,438032,1873,302,Tue Feb 11 23:27:22 +0000 2020
1227373420935028736,438032,0,1,Tue Feb 11 23:26:41 +0000 2020
1227315442408140800,438032,43,2,Tue Feb 11 19:36:18 +0000 2020
1227240226420068352,438032,0,216,Tue Feb 11 14:37:25 +0000 2020
1226998486115241986,438032,19,0,Mon Feb 10 22:36:50 +0000 2020
1226983588878602240,438032,0,166,Mon Feb 10 21:37:38 +0000 2020
1226957454531059717,438032,393,48,Mon Feb 10 19:53:47 +0000 2020
1226957243792445440,438032,2475,205,Mon Feb 10 19:52:57 +0000 2020
1226586352369709057,438032,0,6277,Sun Feb 09 19:19:09 +0000 2020
1225575527408447488,438032,641,29,Fri Feb 07 00:22:30 +0000 2020
1225405450583265280,438032,0,53,Thu Feb 06 13:06:41 +0000 2020
1224782717595856896,438032,0,149,Tue Feb 04 19:52:09 +0000 2020
1224716092725235714,438032,0,352,Tue Feb 04 15:27:25 +0000 2020
1223700058211786753,438032,667,77,Sat Feb 01 20:10:03 +0000 2020
1223101945805586439,438032,1023,37,Fri Jan 31 04:33:22 +0000 2020
1222282743553327104,438032,961,64,Tue Jan 28 22:18:09 +0000 2020
1222208889044832258,438032,0,3792,Tue Jan 28 17:24:41 +0000 2020
1221866963636539394,438032,0,134265,Mon Jan 27 18:45:59 +0000 2020
1221866700959821824,438032,0,9160,Mon Jan 27 18:44:57 +0000 2020
1221862975054630912,438032,0,27802,Mon Jan 27 18:30:09 +0000 2020
1221855739284787200,438032,0,3114,Mon Jan 27 18:01:23 +0000 2020
1221662406050492416,438032,0,23729,Mon Jan 27 05:13:09 +0000 2020
1221661940763762688,438032,0,1561,Mon Jan 27 05:11:18 +0000 2020
1221544123729096710,438032,19430,1523,Sun Jan 26 21:23:08 +0000 2020
1221536228266446848,438032,9049,1921,Sun Jan 26 20:51:46 +0000 2020
1221530949281820672,438032,14243,2848,Sun Jan 26 20:30:47 +0000 2020
1221519744626499585,438032,10056,694,Sun Jan 26 19:46:16 +0000 2020
1221166413613883395,438032,0,831,Sat Jan 25 20:22:15 +0000 2020
1220858460448882690,438032,90,6,Fri Jan 24 23:58:34 +0000 2020
1220775179628023808,438032,0,11,Fri Jan 24 18:27:38 +0000 2020
1220522452721250305,438032,0,13,Fri Jan 24 01:43:23 +0000 2020
1220506043215753217,438032,0,42,Fri Jan 24 00:38:11 +0000 2020
1220495585276583937,438032,0,1,Thu Jan 23 23:56:37 +0000 2020
1220495552779116545,438032,0,8,Thu Jan 23 23:56:30 +0000 2020
1220495514896039936,438032,0,2,Thu Jan 23 23:56:21 +0000 2020
1220495448500264962,438032,0,1,Thu Jan 23 23:56:05 +0000 2020
1220491958579318784,438032,901,121,Thu Jan 23 23:42:13 +0000 2020
1220491953894281216,438032,3861,500,Thu Jan 23 23:42:12 +0000 2020
1220102734310830081,438032,0,106,Wed Jan 22 21:55:34 +0000 2020
1220102641692246016,438032,60,0,Wed Jan 22 21:55:12 +0000 2020
1220101545452134401,438032,265,19,Wed Jan 22 21:50:51 +0000 2020
1219674931048280064,438032,0,6847,Tue Jan 21 17:35:38 +0000 2020
1219457752231100419,438032,0,130,Tue Jan 21 03:12:39 +0000 2020
1219453627925848064,438032,95,6,Tue Jan 21 02:56:15 +0000 2020
1219451927655641088,438032,0,54043,Tue Jan 21 02:49:30 +0000 2020
1217889123043856390,438032,0,44,Thu Jan 16 19:19:28 +0000 2020
1217889080442335232,438032,0,3,Thu Jan 16 19:19:18 +0000 2020
1217872464648331264,438032,333,28,Thu Jan 16 18:13:17 +0000 2020
1217633261071093761,438032,0,1917,Thu Jan 16 02:22:46 +0000 2020
1217633007328202752,438032,1,0,Thu Jan 16 02:21:46 +0000 2020
1217594389830213636,438032,0,32,Wed Jan 15 23:48:19 +0000 2020
1217594239674126336,438032,17,1,Wed Jan 15 23:47:43 +0000 2020
1217594105758453762,438032,0,16,Wed Jan 15 23:47:11 +0000 2020
1217593914649120769,438032,1444,120,Wed Jan 15 23:46:25 +0000 2020
1216836944967061504,438032,14,0,Mon Jan 13 21:38:30 +0000 2020
1215699506936807425,438032,0,363,Fri Jan 10 18:18:43 +0000 2020
1215321645822435329,438032,335,63,Thu Jan 09 17:17:14 +0000 2020
1214659554245517314,438032,10,0,Tue Jan 07 21:26:19 +0000 2020
1214602037150846976,438032,0,1379,Tue Jan 07 17:37:46 +0000 2020
1214396104361611265,438032,0,86,Tue Jan 07 03:59:28 +0000 2020
1213893425315090432,438032,0,3504,Sun Jan 05 18:42:00 +0000 2020
1213629874977550336,438032,112,15,Sun Jan 05 01:14:45 +0000 2020
1213277274784616448,438032,132,13,Sat Jan 04 01:53:38 +0000 2020
1213140648305541122,438032,4564,220,Fri Jan 03 16:50:44 +0000 2020
1212869784846639104,438032,0,11838,Thu Jan 02 22:54:25 +0000 2020
1212869737572634630,438032,0,563,Thu Jan 02 22:54:14 +0000 2020
1212869685668204545,438032,0,1,Thu Jan 02 22:54:01 +0000 2020
1212814668999344128,438032,1476,65,Thu Jan 02 19:15:24 +0000 2020
1212799305121193984,438032,0,20,Thu Jan 02 18:14:21 +0000 2020
1212430362112118794,438032,0,108,Wed Jan 01 17:48:18 +0000 2020
1212206516759138305,438032,2301,228,Wed Jan 01 02:58:49 +0000 2020
1212206411523985408,438032,985,118,Wed Jan 01 02:58:24 +0000 2020
1212058297655873536,438032,0,201,Tue Dec 31 17:09:51 +0000 2019
1212034339690692608,438032,0,143,Tue Dec 31 15:34:39 +0000 2019
1211525234794409991,438032,0,1086,Mon Dec 30 05:51:39 +0000 2019
1211525217727795200,438032,0,3648,Mon Dec 30 05:51:35 +0000 2019
1211017452198473728,438032,0,23,Sat Dec 28 20:13:54 +0000 2019
1210385314080014336,438032,1191,60,Fri Dec 27 02:22:01 +0000 2019
1209901705292324865,438032,0,5,Wed Dec 25 18:20:20 +0000 2019
1209899503987376128,438032,1211,74,Wed Dec 25 18:11:35 +0000 2019
1209232877122203649,438032,0,80,Mon Dec 23 22:02:39 +0000 2019
1208222370642694144,438032,1513,32,Sat Dec 21 03:07:15 +0000 2019
1208222072486453248,438032,80503,10853,Sat Dec 21 03:06:04 +0000 2019
1208175487832481792,438032,0,2257,Sat Dec 21 00:00:57 +0000 2019
1208167315981910022,438032,0,33,Fri Dec 20 23:28:29 +0000 2019
1207396421877608451,438032,0,1273,Wed Dec 18 20:25:13 +0000 2019
1206755828302262273,438032,0,51634,Tue Dec 17 01:59:44 +0000 2019
1206455873960398849,438032,0,152,Mon Dec 16 06:07:49 +0000 2019
1206292841091272704,438032,1425,49,Sun Dec 15 19:19:59 +0000 2019
1206269173594304518,438032,0,794,Sun Dec 15 17:45:57 +0000 2019
1205648878097354752,438032,0,785,Sat Dec 14 00:41:07 +0000 2019
1205648761680216065,438032,0,1831,Sat Dec 14 00:40:39 +0000 2019
1205234761633017861,438032,0,390,Thu Dec 12 21:15:34 +0000 2019
1205167416109674501,438032,0,3932,Thu Dec 12 16:47:57 +0000 2019
1204539548795113476,438032,0,1889,Tue Dec 10 23:13:02 +0000 2019
1204497207325577216,438032,0,141,Tue Dec 10 20:24:47 +0000 2019
1204473316414758915,438032,5,0,Tue Dec 10 18:49:51 +0000 2019
1204391157658275842,438032,0,2794,Tue Dec 10 13:23:23 +0000 2019
1204218666038022144,438032,0,26,Tue Dec 10 01:57:57 +0000 2019
1204188102379626496,438032,0,150,Mon Dec 09 23:56:30 +0000 2019
1203877873960062976,438032,0,757,Mon Dec 09 03:23:46 +0000 2019
1203843085924470785,438032,1753,131,Mon Dec 09 01:05:32 +0000 2019
1202631271496724487,438032,82,1,Thu Dec 05 16:50:13 +0000 2019
1202631236725985280,438032,0,204,Thu Dec 05 16:50:05 +0000 2019
1202631045969010689,438032,0,2869,Thu Dec 05 16:49:19 +0000 2019
1202234795515887616,438032,0,4955,Wed Dec 04 14:34:46 +0000 2019
1201937766872997888,438032,0,113,Tue Dec 03 18:54:29 +0000 2019
1201335078229610501,438032,0,398,Mon Dec 02 02:59:37 +0000 2019
1201313664260870144,438032,3994,157,Mon Dec 02 01:34:31 +0000 2019
1201309221154967552,438032,0,4059,Mon Dec 02 01:16:52 +0000 2019
1201309096126885889,438032,0,11,Mon Dec 02 01:16:22 +0000 2019
1201309086450630656,438032,0,767,Mon Dec 02 01:16:20 +0000 2019
1201291632047480832,438032,0,711,Mon Dec 02 00:06:58 +0000 2019
1201256227189272578,438032,0,3867,Sun Dec 01 21:46:17 +0000 2019
1200917382782443520,438032,0,6,Sat Nov 30 23:19:50 +0000 2019
1200572709152923648,438032,0,581,Sat Nov 30 00:30:14 +0000 2019
1199726782926245889,438032,0,64,Wed Nov 27 16:28:49 +0000 2019
1199704008585306118,438032,0,919,Wed Nov 27 14:58:19 +0000 2019
1198403619567083527,438032,105,3,Sun Nov 24 00:51:02 +0000 2019
1198262983614439425,438032,0,16,Sat Nov 23 15:32:12 +0000 2019
1197921719262105601,438032,908,53,Fri Nov 22 16:56:08 +0000 2019
1197921459143921665,438032,0,8642,Fri Nov 22 16:55:06 +0000 2019
1197920923149582337,438032,8379,534,Fri Nov 22 16:52:59 +0000 2019
1197593326360440832,438032,0,1333,Thu Nov 21 19:11:13 +0000 2019
1196942141903265793,438032,0,271,Wed Nov 20 00:03:39 +0000 2019
1195385398425456640,438032,0,6756,Fri Nov 15 16:57:42 +0000 2019
1195069981496676352,438032,0,137,Thu Nov 14 20:04:21 +0000 2019
1194755565727166468,438032,0,475,Wed Nov 13 23:14:59 +0000 2019
1194428184135122950,438032,0,95,Wed Nov 13 01:34:05 +0000 2019
1194050093130960896,438032,5,1,Tue Nov 12 00:31:41 +0000 2019
1193900818229055489,438032,0,1741,Mon Nov 11 14:38:31 +0000 2019
1193739260790218753,438032,0,482,Mon Nov 11 03:56:33 +0000 2019
1193705259975221248,438032,0,1232,Mon Nov 11 01:41:26 +0000 2019
1193701374762143744,438032,19247,1731,Mon Nov 11 01:26:00 +0000 2019
1192665066031788032,438032,6,1,Fri Nov 08 04:48:05 +0000 2019
1192664883168514051,438032,0,5,Fri Nov 08 04:47:21 +0000 2019
1192057194226880513,438032,0,57332,Wed Nov 06 12:32:37 +0000 2019
1191813844395528197,438032,0,93,Tue Nov 05 20:25:37 +0000 2019
1191743280981139456,438032,0,35108,Tue Nov 05 15:45:14 +0000 2019
1191407698845323264,438032,0,1572,Mon Nov 04 17:31:45 +0000 2019
1191114480060686336,438032,8728,504,Sun Nov 03 22:06:36 +0000 2019
1190811015673462789,438032,0,10,Sun Nov 03 02:00:44 +0000 2019
1189674835963731968,438032,0,72,Wed Oct 30 22:45:58 +0000 2019
1189667111058202624,438032,0,155853,Wed Oct 30 22:15:16 +0000 2019
1189659706085793795,438032,96,1,Wed Oct 30 21:45:51 +0000 2019
1189659680014061568,438032,0,331,Wed Oct 30 21:45:45 +0000 2019
1189615851688923136,438032,129,2,Wed Oct 30 18:51:35 +0000 2019
1189612836894511109,438032,0,20,Wed Oct 30 18:39:36 +0000 2019
1189342905854500864,438032,0,47,Wed Oct 30 00:47:00 +0000 2019
1189275839449440256,438032,0,77942,Tue Oct 29 20:20:30 +0000 2019
1189042187419471872,438032,0,167,Tue Oct 29 04:52:03 +0000 2019
1189037280998166528,438032,187,8,Tue Oct 29 04:32:33 +0000 2019
1189035970231963649,438032,2586,168,Tue Oct 29 04:27:21 +0000 2019
1188934964747915266,438032,0,392,Mon Oct 28 21:45:59 +0000 2019
1188827192505110528,438032,0,1793,Mon Oct 28 14:37:44 +0000 2019
1188149855182610432,438032,0,69,Sat Oct 26 17:46:14 +0000 2019
1187831007506059269,438032,0,85,Fri Oct 25 20:39:15 +0000 2019
1187716255551238144,438032,20,1,Fri Oct 25 13:03:16 +0000 2019
1187559818246184963,438032,1004,26,Fri Oct 25 02:41:39 +0000 2019
1187559556123111425,438032,20,0,Fri Oct 25 02:40:36 +0000 2019
1187196266201210882,438032,0,1791,Thu Oct 24 02:37:01 +0000 2019
1186690368793911296,438032,2078,118,Tue Oct 22 17:06:46 +0000 2019
1186690192205406208,438032,0,130,Tue Oct 22 17:06:04 +0000 2019
1186297006551130112,438032,551,43,Mon Oct 21 15:03:41 +0000 2019
1186105822205698048,438032,391,24,Mon Oct 21 02:23:59 +0000 2019
1185673267601956875,438032,0,5,Sat Oct 19 21:45:10 +0000 2019
1185015827524968450,438032,15,2,Fri Oct 18 02:12:44 +0000 2019
1184654646905847809,438032,0,949,Thu Oct 17 02:17:32 +0000 2019
1184654526239907840,438032,0,134,Thu Oct 17 02:17:03 +0000 2019
1183881508605628416,438032,12666,1685,Mon Oct 14 23:05:21 +0000 2019
1183803306918993920,438032,0,477,Mon Oct 14 17:54:37 +0000 2019
1183800702994468864,438032,410,5,Mon Oct 14 17:44:16 +0000 2019
1183780029995671557,438032,0,95,Mon Oct 14 16:22:07 +0000 2019
1183596251754815488,438032,0,192,Mon Oct 14 04:11:51 +0000 2019
1183596110780092416,438032,26859,5078,Mon Oct 14 04:11:17 +0000 2019
1183595673238663169,438032,0,76,Mon Oct 14 04:09:33 +0000 2019
1183491270036951040,438032,0,244,Sun Oct 13 21:14:41 +0000 2019
1183491146778992640,438032,0,6,Sun Oct 13 21:14:12 +0000 2019
1183424916139307009,438032,0,9736,Sun Oct 13 16:51:01 +0000 2019
1183179826070315008,438032,0,4771,Sun Oct 13 00:37:07 +0000 2019
1183114507511427073,438032,0,6916,Sat Oct 12 20:17:34 +0000 2019
1183008517520875523,438032,0,15,Sat Oct 12 13:16:24 +0000 2019
1183008365204660226,438032,13,1,Sat Oct 12 13:15:48 +0000 2019
1183007270306766854,438032,1799,271,Sat Oct 12 13:11:27 +0000 2019
1181923300940947456,438032,0,2357,Wed Oct 09 13:24:08 +0000 2019
1181373325672628224,438032,0,397,Tue Oct 08 00:58:44 +0000 2019
1181335298090905601,438032,148,8,Mon Oct 07 22:27:37 +0000 2019
1181325155110400001,438032,843,31,Mon Oct 07 21:47:19 +0000 2019
1180861333048303616,438032,0,309,Sun Oct 06 15:04:15 +0000 2019
1179586099347365889,438032,0,3165,Thu Oct 03 02:36:56 +0000 2019
1179518573892505600,438032,1745,131,Wed Oct 02 22:08:37 +0000 2019
1179225740715479040,438032,0,3458,Wed Oct 02 02:45:00 +0000 2019
1179026046194262018,438032,0,1176,Tue Oct 01 13:31:29 +0000 2019
1178904117848268801,438032,0,1169,Tue Oct 01 05:26:59 +0000 2019
1178903838612434945,438032,0,1237,Tue Oct 01 05:25:52 +0000 2019
1178894692630577152,438032,0,220,Tue Oct 01 04:49:32 +0000 2019
1178885162706374657,438032,148,2,Tue Oct 01 04:11:40 +0000 2019
1178730323338829828,438032,0,3530,Mon Sep 30 17:56:23 +0000 2019
1178412852740333576,438032,0,60,Sun Sep 29 20:54:52 +0000 2019
1178026269319073794,438032,0,10444,Sat Sep 28 19:18:43 +0000 2019
1177340855511932931,438032,24301,1888,Thu Sep 26 21:55:08 +0000 2019
1176910787790725120,438032,0,59,Wed Sep 25 17:26:12 +0000 2019
1176910776273113088,438032,0,46,Wed Sep 25 17:26:09 +0000 2019
1176910767054106624,438032,0,166,Wed Sep 25 17:26:07 +0000 2019
1176905577294905344,438032,0,199,Wed Sep 25 17:05:30 +0000 2019
1176883632092397569,438032,0,562,Wed Sep 25 15:38:17 +0000 2019
1176705220912566272,438032,0,5541,Wed Sep 25 03:49:21 +0000 2019
1176529958333816842,438032,0,554,Tue Sep 24 16:12:55 +0000 2019
1176318513226637312,438032,24,0,Tue Sep 24 02:12:43 +0000 2019
1176277272556429313,438032,6346,1183,Mon Sep 23 23:28:50 +0000 2019
1175951769764945920,438032,33398,4138,Mon Sep 23 01:55:24 +0000 2019
1175558944170708992,438032,0,61,Sat Sep 21 23:54:27 +0000 2019
1175553180928602112,438032,7060,411,Sat Sep 21 23:31:33 +0000 2019
1175496485128957953,438032,115,10,Sat Sep 21 19:46:16 +0000 2019
1175494282305687552,438032,2757,121,Sat Sep 21 19:37:31 +0000 2019
1175383163335577600,438032,1305,57,Sat Sep 21 12:15:58 +0000 2019
1172890402204147712,438032,26,1,Sat Sep 14 15:10:37 +0000 2019
1171161846906314759,438032,0,6146,Mon Sep 09 20:41:58 +0000 2019
1171114440865005570,438032,275,8,Mon Sep 09 17:33:35 +0000 2019
1171114002006646786,438032,0,142,Mon Sep 09 17:31:50 +0000 2019
1170706980635328514,438032,9497,997,Sun Sep 08 14:34:29 +0000 2019
1170424019725815809,438032,0,26,Sat Sep 07 19:50:06 +0000 2019
1170416832563556352,438032,0,49,Sat Sep 07 19:21:32 +0000 2019
1170382656208605184,438032,0,106,Sat Sep 07 17:05:44 +0000 2019
1170027651760893958,438032,4686,250,Fri Sep 06 17:35:04 +0000 2019
1170020567845654529,438032,334,16,Fri Sep 06 17:06:55 +0000 2019
1169809115713024000,438032,0,283,Fri Sep 06 03:06:41 +0000 2019
1169809055222833153,438032,0,377,Fri Sep 06 03:06:27 +0000 2019
1169808724774592518,438032,0,17,Fri Sep 06 03:05:08 +0000 2019
1169789087223619585,438032,0,32,Fri Sep 06 01:47:06 +0000 2019
1169782244422168577,438032,0,18,Fri Sep 06 01:19:55 +0000 2019
1169769903290757121,438032,0,21,Fri Sep 06 00:30:52 +0000 2019
1169769877349044225,438032,0,74,Fri Sep 06 00:30:46 +0000 2019
1169766780962791424,438032,20920,5122,Fri Sep 06 00:18:28 +0000 2019
1169756080789970944,438032,0,113,Thu Sep 05 23:35:57 +0000 2019
1169382546075000833,438032,0,2865,Wed Sep 04 22:51:39 +0000 2019
1169382087801131009,438032,0,286,Wed Sep 04 22:49:50 +0000 2019
1169381941969391618,438032,1100,59,Wed Sep 04 22:49:15 +0000 2019
1169212258788024325,438032,0,77,Wed Sep 04 11:35:00 +0000 2019
1169016713343582208,438032,0,228,Tue Sep 03 22:37:58 +0000 2019
1169003717913382913,438032,0,193,Tue Sep 03 21:46:20 +0000 2019
1168691845309902848,438032,7511,1045,Tue Sep 03 01:07:03 +0000 2019
1168655362289012736,438032,0,49,Mon Sep 02 22:42:05 +0000 2019
1168354941708189697,438032,35,1,Mon Sep 02 02:48:19 +0000 2019
1168338144133074949,438032,68,1,Mon Sep 02 01:41:34 +0000 2019
1168322212341977088,438032,0,155479,Mon Sep 02 00:38:16 +0000 2019
1168262090886393856,438032,0,665,Sun Sep 01 20:39:22 +0000 2019
1168199328135098370,438032,0,5115,Sun Sep 01 16:29:58 +0000 2019
1168194167396192257,438032,7233,1028,Sun Sep 01 16:09:28 +0000 2019
1167908909685723137,438032,0,688,Sat Aug 31 21:15:57 +0000 2019
1167908833089376256,438032,0,109,Sat Aug 31 21:15:39 +0000 2019
1167880520438386688,438032,0,13,Sat Aug 31 19:23:08 +0000 2019
1167533029075668992,438032,0,1834,Fri Aug 30 20:22:20 +0000 2019
1166510886808412160,438032,0,247,Wed Aug 28 00:40:42 +0000 2019
1166510878021365760,438032,0,2999,Wed Aug 28 00:40:40 +0000 2019
1166495118276399104,438032,5974,689,Tue Aug 27 23:38:03 +0000 2019
1166450798034870272,438032,3260,206,Tue Aug 27 20:41:56 +0000 2019
1166450379527204864,438032,7573,874,Tue Aug 27 20:40:16 +0000 2019
1166147848926388229,438032,0,565,Tue Aug 27 00:38:07 +0000 2019
1166147573910052865,438032,0,69,Tue Aug 27 00:37:02 +0000 2019
1165831071709184001,438032,0,282,Mon Aug 26 03:39:22 +0000 2019
1165830233376862209,438032,0,314,Mon Aug 26 03:36:02 +0000 2019
1165739280582549505,438032,0,1056,Sun Aug 25 21:34:37 +0000 2019
1165729792483876868,438032,0,39,Sun Aug 25 20:56:55 +0000 2019
1165651165876555778,438032,0,1782,Sun Aug 25 15:44:29 +0000 2019
1165635162912317440,438032,0,21105,Sun Aug 25 14:40:53 +0000 2019
1165467427511160832,438032,0,4320,Sun Aug 25 03:34:22 +0000 2019
1165467244605952000,438032,1510,69,Sun Aug 25 03:33:39 +0000 2019
1165467131460423681,438032,0,744,Sun Aug 25 03:33:12 +0000 2019
1165333307887894536,438032,1130,49,Sat Aug 24 18:41:26 +0000 2019
1165111868622540800,438032,0,47,Sat Aug 24 04:01:30 +0000 2019
1165110750458929152,438032,5,1,Sat Aug 24 03:57:04 +0000 2019
1165110534708047872,438032,0,81,Sat Aug 24 03:56:12 +0000 2019
1164324816511524865,438032,0,232,Wed Aug 21 23:54:03 +0000 2019
1163884729478918144,438032,0,383,Tue Aug 20 18:45:18 +0000 2019
1163808988040966144,438032,6911,502,Tue Aug 20 13:44:19 +0000 2019
1163303368527405056,438032,0,30,Mon Aug 19 04:15:10 +0000 2019
1163283506249621504,438032,6065,1262,Mon Aug 19 02:56:15 +0000 2019
1163125707624583169,438032,0,390,Sun Aug 18 16:29:13 +0000 2019
1163106847458508800,438032,0,530480,Sun Aug 18 15:14:16 +0000 2019
1163097607541051392,438032,0,66,Sun Aug 18 14:37:33 +0000 2019
1162940292846235649,438032,0,130,Sun Aug 18 04:12:26 +0000 2019
1162774255811125249,438032,0,206,Sat Aug 17 17:12:40 +0000 2019
1162760723841388549,438032,0,1734,Sat Aug 17 16:18:54 +0000 2019
1162733849312473088,438032,0,11,Sat Aug 17 14:32:06 +0000 2019
1161677979690373121,438032,0,155,Wed Aug 14 16:36:27 +0000 2019
1161022638644486149,438032,0,8706,Mon Aug 12 21:12:22 +0000 2019
1160697320595492865,438032,0,420,Sun Aug 11 23:39:40 +0000 2019
1160696733405515777,438032,0,381,Sun Aug 11 23:37:20 +0000 2019
1160696720721883137,438032,0,138,Sun Aug 11 23:37:17 +0000 2019
1160696708633944066,438032,0,1301,Sun Aug 11 23:37:14 +0000 2019
1160696688748695552,438032,0,100,Sun Aug 11 23:37:09 +0000 2019
1160696667831721984,438032,0,25,Sun Aug 11 23:37:04 +0000 2019
1159995298988679170,438032,0,567,Sat Aug 10 01:10:05 +0000 2019
1159514855109472256,438032,5,0,Thu Aug 08 17:20:58 +0000 2019
1159512549513203714,438032,0,553,Thu Aug 08 17:11:49 +0000 2019
1159089533654360064,438032,0,57537,Wed Aug 07 13:10:54 +0000 2019
1158951195727323136,438032,0,14,Wed Aug 07 04:01:11 +0000 2019
1158922898771521536,438032,0,129,Wed Aug 07 02:08:45 +0000 2019
1158525180429393920,438032,0,945,Mon Aug 05 23:48:22 +0000 2019
1158481429233373184,438032,0,50,Mon Aug 05 20:54:30 +0000 2019
1158471529962848257,438032,0,596,Mon Aug 05 20:15:10 +0000 2019
1158430981742874624,438032,0,7941,Mon Aug 05 17:34:03 +0000 2019
1158430460634107904,438032,2770,144,Mon Aug 05 17:31:59 +0000 2019
1158187558905503746,438032,4677,248,Mon Aug 05 01:26:46 +0000 2019
1157839988584853505,438032,0,16,Sun Aug 04 02:25:39 +0000 2019
1157684445731799040,438032,0,36,Sat Aug 03 16:07:35 +0000 2019
1157504800642281478,438032,0,78,Sat Aug 03 04:13:44 +0000 2019
1157500918440636419,438032,0,19,Sat Aug 03 03:58:18 +0000 2019
1157500911369019392,438032,0,11,Sat Aug 03 03:58:17 +0000 2019
1157500540470931456,438032,0,235,Sat Aug 03 03:56:48 +0000 2019
1157500515183472640,438032,0,82,Sat Aug 03 03:56:42 +0000 2019
1157385880404971520,438032,0,8067,Fri Aug 02 20:21:11 +0000 2019
1157385777388630017,438032,240,32,Fri Aug 02 20:20:47 +0000 2019
1157328869583724545,438032,6405,856,Fri Aug 02 16:34:39 +0000 2019
1157302898688188417,438032,197,2,Fri Aug 02 14:51:27 +0000 2019
1157301505025814529,438032,0,2,Fri Aug 02 14:45:55 +0000 2019
1157129789247016961,438032,0,698,Fri Aug 02 03:23:34 +0000 2019
1157046111317766145,438032,0,215,Thu Aug 01 21:51:04 +0000 2019
1156968773200568320,438032,0,53,Thu Aug 01 16:43:45 +0000 2019
1156968387660193792,438032,15083,1722,Thu Aug 01 16:42:13 +0000 2019
1156946467447332865,438032,0,3,Thu Aug 01 15:15:07 +0000 2019
1156348524042358787,438032,0,13,Tue Jul 30 23:39:06 +0000 2019
1156348500050923520,438032,1365,76,Tue Jul 30 23:39:00 +0000 2019
1156223786389331968,438032,0,1,Tue Jul 30 15:23:26 +0000 2019
1156223764759273477,438032,0,1,Tue Jul 30 15:23:21 +0000 2019
1156223715732021249,438032,8,0,Tue Jul 30 15:23:10 +0000 2019
1156223510341201923,438032,0,1,Tue Jul 30 15:22:21 +0000 2019
1156052131184599041,438032,0,33,Tue Jul 30 04:01:21 +0000 2019
1156036034347405312,438032,6977,890,Tue Jul 30 02:57:23 +0000 2019
1156017147753013249,438032,4629,517,Tue Jul 30 01:42:20 +0000 2019
1155896138505080835,438032,0,278,Mon Jul 29 17:41:29 +0000 2019
1155892965572788224,438032,3053,169,Mon Jul 29 17:28:53 +0000 2019
1155889151864123395,438032,833,32,Mon Jul 29 17:13:43 +0000 2019
1155889048273195014,438032,0,53,Mon Jul 29 17:13:19 +0000 2019
1155517009464983552,438032,0,44277,Sun Jul 28 16:34:58 +0000 2019
1155319940301426693,438032,0,21,Sun Jul 28 03:31:53 +0000 2019
1155310671770378240,438032,0,70,Sun Jul 28 02:55:03 +0000 2019
1155306106798911489,438032,0,6794,Sun Jul 28 02:36:55 +0000 2019
1155299233618178049,438032,0,19,Sun Jul 28 02:09:36 +0000 2019
1155168979012456448,438032,0,63,Sat Jul 27 17:32:01 +0000 2019
1154887625943244801,438032,969,83,Fri Jul 26 22:54:01 +0000 2019
1154869934301884416,438032,0,244,Fri Jul 26 21:43:43 +0000 2019
1154592273298051072,438032,0,2706,Fri Jul 26 03:20:23 +0000 2019
1154575607159840769,438032,0,135,Fri Jul 26 02:14:10 +0000 2019
1154575530378895361,438032,0,578,Fri Jul 26 02:13:52 +0000 2019
1154574075869782017,438032,0,62,Fri Jul 26 02:08:05 +0000 2019
1154573145074020353,438032,0,112,Fri Jul 26 02:04:23 +0000 2019
1154544443866746890,438032,1966,75,Fri Jul 26 00:10:20 +0000 2019
1153727105651396608,438032,1041,36,Tue Jul 23 18:02:31 +0000 2019
1153484644354011136,438032,5896,483,Tue Jul 23 01:59:04 +0000 2019
1153032176805580801,438032,0,26,Sun Jul 21 20:01:07 +0000 2019
1152819310555013120,438032,0,322,Sun Jul 21 05:55:16 +0000 2019
1152570044150407168,438032,10,0,Sat Jul 20 13:24:46 +0000 2019
1152568919988801538,438032,1399,187,Sat Jul 20 13:20:18 +0000 2019
1151566043975958528,438032,1530,80,Wed Jul 17 18:55:14 +0000 2019
1151297755517784065,438032,0,21,Wed Jul 17 01:09:09 +0000 2019
1151193817640517635,438032,2250,128,Tue Jul 16 18:16:08 +0000 2019
1150868548090302465,438032,0,55,Mon Jul 15 20:43:38 +0000 2019
1150817472666382338,438032,0,20,Mon Jul 15 17:20:41 +0000 2019
1150605777981378560,438032,0,6259,Mon Jul 15 03:19:29 +0000 2019
1150577218554421250,438032,0,16,Mon Jul 15 01:26:00 +0000 2019
1150575038564851712,438032,0,17,Mon Jul 15 01:17:20 +0000 2019
1150236043062501376,438032,816,111,Sun Jul 14 02:50:17 +0000 2019
1150195470159007750,438032,0,183,Sun Jul 14 00:09:04 +0000 2019
1150195066897612800,438032,207,4,Sun Jul 14 00:07:28 +0000 2019
1150194531972845568,438032,0,27,Sun Jul 14 00:05:20 +0000 2019
1150169094081187841,438032,0,41,Sat Jul 13 22:24:15 +0000 2019
1150153886008848384,438032,4152,452,Sat Jul 13 21:23:49 +0000 2019
1149761977927049217,438032,0,158,Fri Jul 12 19:26:31 +0000 2019
1149369090273947648,438032,0,7,Thu Jul 11 17:25:20 +0000 2019
1148953111513522177,438032,0,229,Wed Jul 10 13:52:22 +0000 2019
1148644344712376321,438032,0,310,Tue Jul 09 17:25:27 +0000 2019
1148346851495743489,438032,1941,81,Mon Jul 08 21:43:19 +0000 2019
1148345597524697089,438032,53,5,Mon Jul 08 21:38:20 +0000 2019
1148288900152135685,438032,141,13,Mon Jul 08 17:53:02 +0000 2019
1147550719421112320,438032,0,78,Sat Jul 06 16:59:46 +0000 2019
1147550698676072449,438032,1597,141,Sat Jul 06 16:59:41 +0000 2019
1146522772253872129,438032,0,17574,Wed Jul 03 20:55:04 +0000 2019
1146490777171894272,438032,0,36047,Wed Jul 03 18:47:56 +0000 2019
1146018158551216130,438032,0,502,Tue Jul 02 11:29:55 +0000 2019
1146018020072013824,438032,0,253,Tue Jul 02 11:29:22 +0000 2019
1145762014746284032,438032,1,0,Mon Jul 01 18:32:06 +0000 2019
1145374343482019842,438032,216,6,Sun Jun 30 16:51:38 +0000 2019
1145139045934280704,438032,0,136490,Sun Jun 30 01:16:38 +0000 2019
1144967921858437120,438032,0,246,Sat Jun 29 13:56:39 +0000 2019
1144967829386682369,438032,0,624,Sat Jun 29 13:56:17 +0000 2019
1144750635281276930,438032,0,102,Fri Jun 28 23:33:14 +0000 2019
1144411145459195904,438032,0,62728,Fri Jun 28 01:04:13 +0000 2019
1144403245055512577,438032,0,47,Fri Jun 28 00:32:50 +0000 2019
1144379154135232512,438032,324,15,Thu Jun 27 22:57:06 +0000 2019
1143953605613019136,438032,0,1387,Wed Jun 26 18:46:07 +0000 2019
1143952454628909056,438032,0,3952,Wed Jun 26 18:41:33 +0000 2019
1143687874539335681,438032,11,1,Wed Jun 26 01:10:12 +0000 2019
1142831490679607297,438032,0,4743,Sun Jun 23 16:27:14 +0000 2019
1142593128639213574,438032,0,1685,Sun Jun 23 00:40:04 +0000 2019
1141735162633322497,438032,0,168,Thu Jun 20 15:50:49 +0000 2019
1141548982973296640,438032,0,15,Thu Jun 20 03:31:01 +0000 2019
1141127149186740224,438032,0,66,Tue Jun 18 23:34:48 +0000 2019
1141026772298821632,438032,436,32,Tue Jun 18 16:55:56 +0000 2019
1141025634874843136,438032,0,113609,Tue Jun 18 16:51:25 +0000 2019
1140752789896880129,438032,0,111530,Mon Jun 17 22:47:13 +0000 2019
1140701773541388289,438032,0,11,Mon Jun 17 19:24:30 +0000 2019
1140682900523933698,438032,0,240,Mon Jun 17 18:09:31 +0000 2019
1140682886653325312,438032,2526,209,Mon Jun 17 18:09:27 +0000 2019
1140080643885424640,438032,0,249,Sun Jun 16 02:16:21 +0000 2019
1139670379503505408,438032,0,735,Fri Jun 14 23:06:07 +0000 2019
1139670140625260545,438032,0,73547,Fri Jun 14 23:05:10 +0000 2019
1139604180673413120,438032,0,28,Fri Jun 14 18:43:04 +0000 2019
1139345305915285506,438032,0,6,Fri Jun 14 01:34:23 +0000 2019
1139318331922681856,438032,2082,216,Thu Jun 13 23:47:12 +0000 2019
1139314857629618176,438032,0,39622,Thu Jun 13 23:33:24 +0000 2019
1139276934662295565,438032,108,13,Thu Jun 13 21:02:42 +0000 2019
1138623778869731329,438032,5628,482,Wed Jun 12 01:47:18 +0000 2019
1138057678373212160,438032,0,159,Mon Jun 10 12:17:49 +0000 2019
1137558063836270592,438032,0,361557,Sun Jun 09 03:12:31 +0000 2019
1137388937746571264,438032,0,25,Sat Jun 08 16:00:29 +0000 2019
1137181667267940353,438032,0,388,Sat Jun 08 02:16:51 +0000 2019
1137122867479568384,438032,0,20983,Fri Jun 07 22:23:12 +0000 2019
1136814927568658433,438032,0,122,Fri Jun 07 01:59:34 +0000 2019
1136467641244299266,438032,0,27,Thu Jun 06 02:59:34 +0000 2019
1136408730545864705,438032,6779,712,Wed Jun 05 23:05:29 +0000 2019
1136379518489419776,438032,0,233,Wed Jun 05 21:09:24 +0000 2019
1135959262386151424,438032,2998,337,Tue Jun 04 17:19:27 +0000 2019
1135905353131016192,438032,542,32,Tue Jun 04 13:45:14 +0000 2019
1135618902011056128,438032,1686,138,Mon Jun 03 18:46:59 +0000 2019
1135009020387966977,438032,0,110451,Sun Jun 02 02:23:32 +0000 2019
1134605224398807040,438032,0,16,Fri May 31 23:39:00 +0000 2019
1134573008218185728,438032,0,100,Fri May 31 21:30:59 +0000 2019
1134501882989297664,438032,0,20883,Fri May 31 16:48:21 +0000 2019
1134226699309203458,438032,0,21,Thu May 30 22:34:52 +0000 2019
1134199914366472200,438032,0,1108,Thu May 30 20:48:26 +0000 2019
1133920204193521664,438032,28,2,Thu May 30 02:16:58 +0000 2019
1133919163687297024,438032,0,40012,Thu May 30 02:12:50 +0000 2019
1133918521975627776,438032,0,3408,Thu May 30 02:10:17 +0000 2019
1133906749222793218,438032,587,14,Thu May 30 01:23:30 +0000 2019
1133840244103630848,438032,0,59,Wed May 29 20:59:14 +0000 2019
1133824223363948544,438032,0,588,Wed May 29 19:55:34 +0000 2019
1133149213183942657,438032,1985,180,Mon May 27 23:13:19 +0000 2019
1133072790620430337,438032,50,0,Mon May 27 18:09:39 +0000 2019
1132899284532252674,438032,1476,334,Mon May 27 06:40:12 +0000 2019
1131945295179386880,438032,0,181581,Fri May 24 15:29:23 +0000 2019
1131923674834067456,438032,92,1,Fri May 24 14:03:28 +0000 2019
1131269077568282624,438032,0,8492,Wed May 22 18:42:20 +0000 2019
1131268921162641409,438032,0,181,Wed May 22 18:41:43 +0000 2019
1130482719400570880,438032,36,1,Mon May 20 14:37:38 +0000 2019
1130167595057975296,438032,0,5928,Sun May 19 17:45:26 +0000 2019
1130132200207323137,438032,172,4,Sun May 19 15:24:48 +0000 2019
1129436934068232193,438032,0,420,Fri May 17 17:22:03 +0000 2019
1129436205790240772,438032,0,28,Fri May 17 17:19:10 +0000 2019
1128664325428793345,438032,2447,284,Wed May 15 14:11:59 +0000 2019
1128631677973094400,438032,0,51185,Wed May 15 12:02:15 +0000 2019
1128367163432214530,438032,0,103134,Tue May 14 18:31:10 +0000 2019
1127717452966711297,438032,1797,42,Sun May 12 23:29:27 +0000 2019
1127237648031080448,438032,1582,45,Sat May 11 15:42:53 +0000 2019
1127235902122680320,438032,1087,57,Sat May 11 15:35:56 +0000 2019
1126986990925205504,438031,6414,581,Fri May 10 23:06:51 +0000 2019
1126984306671230976,438031,3736,389,Fri May 10 22:56:11 +0000 2019
1126340776907235328,438031,0,1828,Thu May 09 04:19:02 +0000 2019
1126207346106150913,438031,0,2622,Wed May 08 19:28:49 +0000 2019
1125503175908306945,438031,562,9,Mon May 06 20:50:42 +0000 2019
1125185058065846273,438031,8,0,Sun May 05 23:46:37 +0000 2019
1125158332287860736,438031,195,4,Sun May 05 22:00:25 +0000 2019
1125158264910548992,438031,0,29,Sun May 05 22:00:09 +0000 2019
1125141868843601920,438031,186,5,Sun May 05 20:55:00 +0000 2019
1125093344252702721,438031,0,826,Sun May 05 17:42:11 +0000 2019
1125081865805758465,438031,0,275,Sun May 05 16:56:34 +0000 2019
1125081847682220032,438031,0,8,Sun May 05 16:56:30 +0000 2019
1125081796373295105,438031,0,1168,Sun May 05 16:56:17 +0000 2019
1125057536309252097,438031,0,25,Sun May 05 15:19:53 +0000 2019
1125052436371136512,438031,0,987,Sun May 05 14:59:37 +0000 2019
1124875192025665537,438031,857,15,Sun May 05 03:15:19 +0000 2019
1124853446971154437,438031,436,9,Sun May 05 01:48:55 +0000 2019
1124702624660500481,438031,0,133,Sat May 04 15:49:36 +0000 2019
1124405144463056902,438031,1411,39,Fri May 03 20:07:31 +0000 2019
1124058128461565954,438032,35,0,Thu May 02 21:08:36 +0000 2019
1124048158856830976,438032,3008,360,Thu May 02 20:28:59 +0000 2019
1123316224149131270,438032,0,6989,Tue Apr 30 20:00:32 +0000 2019
1122914690781319168,438032,0,134,Mon Apr 29 17:24:59 +0000 2019
1122299637732392962,438032,0,71,Sun Apr 28 00:40:59 +0000 2019
1121899675215380487,438032,0,103584,Fri Apr 26 22:11:41 +0000 2019
1121899233630670855,438032,0,1851,Fri Apr 26 22:09:55 +0000 2019
1121822580715995136,438032,0,4230,Fri Apr 26 17:05:20 +0000 2019
1121797267214819328,438032,0,9736,Fri Apr 26 15:24:45 +0000 2019
1121466174569689088,438032,0,18979,Thu Apr 25 17:29:06 +0000 2019
1121105376739561477,438032,62,1,Wed Apr 24 17:35:25 +0000 2019
1121105189275086853,438032,0,39,Wed Apr 24 17:34:40 +0000 2019
1121079090348548097,438032,247,2,Wed Apr 24 15:50:58 +0000 2019
1121072602594910210,438032,185,3,Wed Apr 24 15:25:11 +0000 2019
1121072453986541570,438032,0,113,Wed Apr 24 15:24:36 +0000 2019
1120866507662200832,438032,889,8,Wed Apr 24 01:46:14 +0000 2019
1120866333116313600,438032,6,1,Wed Apr 24 01:45:33 +0000 2019
1120865797201649665,438032,0,1725,Wed Apr 24 01:43:25 +0000 2019
1120865775349379072,438032,1171,30,Wed Apr 24 01:43:20 +0000 2019
1120865651604840448,438032,0,1997,Wed Apr 24 01:42:50 +0000 2019
1120865380120051712,438032,0,6905,Wed Apr 24 01:41:45 +0000 2019
1120484288988889088,438032,0,3688,Tue Apr 23 00:27:26 +0000 2019
1120033407638097926,438032,0,14,Sun Apr 21 18:35:48 +0000 2019
1119784635112804352,438032,0,18,Sun Apr 21 02:07:16 +0000 2019
1119784534881521664,438032,1379,64,Sun Apr 21 02:06:52 +0000 2019
1119717348913627136,438032,0,18772,Sat Apr 20 21:39:53 +0000 2019
1119717324842504192,438032,0,32458,Sat Apr 20 21:39:48 +0000 2019
1119392210439561216,438032,0,607,Sat Apr 20 00:07:54 +0000 2019
1119392118060011525,438032,0,111770,Sat Apr 20 00:07:32 +0000 2019
1119092311919489029,438032,0,34,Fri Apr 19 04:16:13 +0000 2019
1118987322266128386,438032,0,3411,Thu Apr 18 21:19:02 +0000 2019
1118984112239460352,438032,0,443,Thu Apr 18 21:06:16 +0000 2019
1118935683618496513,438032,2077,126,Thu Apr 18 17:53:50 +0000 2019
1118911513803227136,438032,5529,463,Thu Apr 18 16:17:47 +0000 2019
1118635670745038852,438032,0,8228,Wed Apr 17 22:01:41 +0000 2019
1118284311776645120,438032,0,14,Tue Apr 16 22:45:31 +0000 2019
1118273844006010882,438032,2915,66,Tue Apr 16 22:03:55 +0000 2019
1118273452207636481,438032,0,1636,Tue Apr 16 22:02:22 +0000 2019
1118263343599505409,438032,2798,80,Tue Apr 16 21:22:12 +0000 2019
1118263242307055616,438032,0,133220,Tue Apr 16 21:21:47 +0000 2019
1118180546566397965,438032,0,379,Tue Apr 16 15:53:11 +0000 2019
1117978141501349888,438032,0,20,Tue Apr 16 02:28:54 +0000 2019
1117903180598136832,438032,0,185,Mon Apr 15 21:31:02 +0000 2019
1117569972602114055,438032,0,14859,Sun Apr 14 23:26:59 +0000 2019
1117500724479430658,438032,0,3731,Sun Apr 14 18:51:49 +0000 2019
1117498937408217088,438032,1159,76,Sun Apr 14 18:44:43 +0000 2019
1117132877551079425,438032,1697,82,Sat Apr 13 18:30:07 +0000 2019
1116739851045543937,438032,2082,129,Fri Apr 12 16:28:23 +0000 2019
1116717881629110272,438032,0,280,Fri Apr 12 15:01:05 +0000 2019
1116371369564856320,438032,28,1,Thu Apr 11 16:04:10 +0000 2019
1116367973642457089,438032,2405,351,Thu Apr 11 15:50:40 +0000 2019
1116354658400759808,438032,0,991,Thu Apr 11 14:57:46 +0000 2019
1116354522501144578,438032,0,57,Thu Apr 11 14:57:13 +0000 2019
1116350308118978560,438032,0,4364,Thu Apr 11 14:40:28 +0000 2019
1115839629268267008,438032,0,14074,Wed Apr 10 04:51:13 +0000 2019
1115838126491086850,438032,0,1394,Wed Apr 10 04:45:15 +0000 2019
1115767607540326401,438032,0,2529,Wed Apr 10 00:05:02 +0000 2019
1115749424867704832,438032,0,744,Tue Apr 09 22:52:47 +0000 2019
1115724392020025345,438032,1487,112,Tue Apr 09 21:13:18 +0000 2019
1115723745207947266,438032,8,0,Tue Apr 09 21:10:44 +0000 2019
1115690382778564613,438032,8711,804,Tue Apr 09 18:58:10 +0000 2019
1115438893048811520,438032,6,1,Tue Apr 09 02:18:50 +0000 2019
1115438428408037376,438032,0,204,Tue Apr 09 02:16:59 +0000 2019
1115421932852146178,438032,0,6163,Tue Apr 09 01:11:26 +0000 2019
1115352937838956544,438032,0,9044,Mon Apr 08 20:37:17 +0000 2019
1115352926187216897,438032,10121,293,Mon Apr 08 20:37:14 +0000 2019
1115293990423629824,438032,0,4882,Mon Apr 08 16:43:03 +0000 2019
1115264313738973185,438032,574,13,Mon Apr 08 14:45:07 +0000 2019
1114038861607260161,438032,5158,337,Fri Apr 05 05:35:37 +0000 2019
1113873372947963905,438032,0,111,Thu Apr 04 18:38:01 +0000 2019
1113858623652786176,438032,1370,68,Thu Apr 04 17:39:25 +0000 2019
1113474269717995520,438032,0,3145,Wed Apr 03 16:12:07 +0000 2019
1112745357962698752,438032,0,3301,Mon Apr 01 15:55:41 +0000 2019
1112548466939621377,438032,0,32,Mon Apr 01 02:53:19 +0000 2019
1111738104942084096,438032,0,25,Fri Mar 29 21:13:13 +0000 2019
1111738075401670658,438032,0,8,Fri Mar 29 21:13:06 +0000 2019
1111738012914929668,438032,0,20,Fri Mar 29 21:12:52 +0000 2019
1111737991503011840,438032,0,14,Fri Mar 29 21:12:46 +0000 2019
1111737868265947136,438032,0,37,Fri Mar 29 21:12:17 +0000 2019
1111737761101426689,438032,0,38,Fri Mar 29 21:11:51 +0000 2019
1111633380649697280,438032,0,326,Fri Mar 29 14:17:05 +0000 2019
1111260015468470275,438032,342,10,Thu Mar 28 13:33:28 +0000 2019
1111018140975144961,438032,0,69065,Wed Mar 27 21:32:21 +0000 2019
1110990105882312704,438032,1,2,Wed Mar 27 19:40:57 +0000 2019
1110959201134804998,438032,0,59,Wed Mar 27 17:38:08 +0000 2019
1110911841365082113,438032,0,1246,Wed Mar 27 14:29:57 +0000 2019
1110693533596434432,438032,0,220,Wed Mar 27 00:02:28 +0000 2019
1110329092627419138,438032,0,36,Mon Mar 25 23:54:19 +0000 2019
1110318014837260288,438032,273,7,Mon Mar 25 23:10:18 +0000 2019
1110297757909217281,438032,18975,4030,Mon Mar 25 21:49:48 +0000 2019
1109960507291852800,438032,945,66,Sun Mar 24 23:29:41 +0000 2019
1109924033091588096,438032,0,49,Sun Mar 24 21:04:45 +0000 2019
1109894092652204033,438032,0,5782,Sun Mar 24 19:05:47 +0000 2019
1109485505597591552,438032,1762,264,Sat Mar 23 16:02:12 +0000 2019
1109161866528460800,438032,0,298,Fri Mar 22 18:36:10 +0000 2019
1109153504915046400,438032,0,2,Fri Mar 22 18:02:57 +0000 2019
1109153490230759425,438032,83,3,Fri Mar 22 18:02:53 +0000 2019
1109110316649144320,438032,140,6,Fri Mar 22 15:11:20 +0000 2019
1109090657279397888,438032,8783,871,Fri Mar 22 13:53:13 +0000 2019
1108934952085667842,438032,3,0,Fri Mar 22 03:34:30 +0000 2019
1108934646127943680,438032,10205,760,Fri Mar 22 03:33:17 +0000 2019
1108745222652116992,438032,0,17,Thu Mar 21 15:00:35 +0000 2019
1108012022313242625,438032,0,11291,Tue Mar 19 14:27:06 +0000 2019
1106319791059595271,438032,0,37,Thu Mar 14 22:22:47 +0000 2019
1106266280510844929,438032,0,75,Thu Mar 14 18:50:09 +0000 2019
1106177588425359362,438032,0,259,Thu Mar 14 12:57:43 +0000 2019
1105977106004131841,438032,0,14991,Wed Mar 13 23:41:04 +0000 2019
1105974065683140608,438032,0,34,Wed Mar 13 23:28:59 +0000 2019
1105972086105878528,438032,73,1,Wed Mar 13 23:21:07 +0000 2019
1105972022239289344,438032,115,2,Wed Mar 13 23:20:52 +0000 2019
1105969024159096838,438032,0,2,Wed Mar 13 23:08:57 +0000 2019
1105968717844893696,438032,1503,159,Wed Mar 13 23:07:44 +0000 2019
1105962536371924994,438032,18816,1889,Wed Mar 13 22:43:11 +0000 2019
1105905350081941505,438032,498,47,Wed Mar 13 18:55:56 +0000 2019
1105870286237433857,438032,1082,119,Wed Mar 13 16:36:36 +0000 2019
1105467573615894529,438032,0,1370,Tue Mar 12 13:56:22 +0000 2019
1105195483348250624,438032,1586,135,Mon Mar 11 19:55:11 +0000 2019
1105194161907613696,438032,431,32,Mon Mar 11 19:49:56 +0000 2019
1104564522369597440,438032,0,35,Sun Mar 10 02:07:58 +0000 2019
1104052321036746752,438032,6969,587,Fri Mar 08 16:12:40 +0000 2019
1104050379589894144,438032,0,154,Fri Mar 08 16:04:57 +0000 2019
1102678143825920001,438032,80,3,Mon Mar 04 21:12:10 +0000 2019
1102678082245349381,438032,0,28,Mon Mar 04 21:11:56 +0000 2019
1102106390452158465,438032,979,40,Sun Mar 03 07:20:14 +0000 2019
1101901441797632000,438032,0,38955,Sat Mar 02 17:45:50 +0000 2019
1101658088682213378,438032,0,663,Sat Mar 02 01:38:50 +0000 2019
1101170673970540545,438032,0,498,Thu Feb 28 17:22:02 +0000 2019
1100879470825590784,438032,0,72606,Wed Feb 27 22:04:53 +0000 2019
1100452176927834112,438032,0,2732,Tue Feb 26 17:46:59 +0000 2019
1100437899898773506,438032,0,976,Tue Feb 26 16:50:15 +0000 2019
1100437740972400640,438032,637,24,Tue Feb 26 16:49:37 +0000 2019
1100030783295758337,438032,0,4521,Mon Feb 25 13:52:30 +0000 2019
1099518395203112961,438032,0,41,Sun Feb 24 03:56:28 +0000 2019
1099489466492833792,438032,0,450,Sun Feb 24 02:01:30 +0000 2019
1099363369738485761,438032,0,4258,Sat Feb 23 17:40:27 +0000 2019
1099115046096044032,438032,38,2,Sat Feb 23 01:13:42 +0000 2019
1099114788968456193,438032,412,11,Sat Feb 23 01:12:40 +0000 2019
1099113902594506753,438032,50,1,Sat Feb 23 01:09:09 +0000 2019
1099103007185256453,438032,5,0,Sat Feb 23 00:25:51 +0000 2019
1099100289624428544,438032,2459,53,Sat Feb 23 00:15:03 +0000 2019
1098804295166758912,438032,342,39,Fri Feb 22 04:38:53 +0000 2019
1098754424967753728,438032,0,15,Fri Feb 22 01:20:43 +0000 2019
1098754134294040576,438032,7228,614,Fri Feb 22 01:19:34 +0000 2019
1098753439004352512,438032,0,127,Fri Feb 22 01:16:48 +0000 2019
1098753304635559936,438032,0,15832,Fri Feb 22 01:16:16 +0000 2019
1098691622756331526,438032,0,70031,Thu Feb 21 21:11:10 +0000 2019
1098691518855028736,438032,0,15252,Thu Feb 21 21:10:45 +0000 2019
1098677296691638274,438032,0,34239,Thu Feb 21 20:14:14 +0000 2019
1098650780788314115,438032,0,34,Thu Feb 21 18:28:52 +0000 2019
1098416746749415424,438032,0,760,Thu Feb 21 02:58:54 +0000 2019
1098319723106832391,438032,695,38,Wed Feb 20 20:33:22 +0000 2019
1098301529839362050,438032,522,19,Wed Feb 20 19:21:04 +0000 2019
1098301424524505088,438032,0,4367,Wed Feb 20 19:20:39 +0000 2019
1098283613752303616,438032,0,41,Wed Feb 20 18:09:53 +0000 2019
1098283361133608961,438032,0,86,Wed Feb 20 18:08:53 +0000 2019
1098283018173730816,438032,0,15923,Wed Feb 20 18:07:31 +0000 2019
1098063571827810305,438032,370,16,Wed Feb 20 03:35:31 +0000 2019
1097644151577985026,438032,0,9242,Mon Feb 18 23:48:53 +0000 2019
1097622633049407489,438032,0,14,Mon Feb 18 22:23:23 +0000 2019
1097622202361528321,438032,0,47,Mon Feb 18 22:21:40 +0000 2019
1097598345391075329,438032,0,13,Mon Feb 18 20:46:52 +0000 2019
1097312720364408832,438032,0,16528,Mon Feb 18 01:51:54 +0000 2019
1097232747117113345,438032,0,159527,Sun Feb 17 20:34:07 +0000 2019
1097212902866649088,438032,0,8,Sun Feb 17 19:15:15 +0000 2019
1096998827058434048,438032,0,1390,Sun Feb 17 05:04:36 +0000 2019
1096789085581176833,438032,1034,101,Sat Feb 16 15:11:10 +0000 2019
1096788854630170625,438032,534,71,Sat Feb 16 15:10:14 +0000 2019
1096190769499701248,438032,0,87,Thu Feb 14 23:33:40 +0000 2019
1096188435625316353,438032,0,1770,Thu Feb 14 23:24:23 +0000 2019
1096122705651396608,438032,0,342,Thu Feb 14 19:03:12 +0000 2019
1095911728192372736,438032,0,38725,Thu Feb 14 05:04:51 +0000 2019
1095883716440797184,438032,657,107,Thu Feb 14 03:13:33 +0000 2019
1095483334027894790,438032,11613,1514,Wed Feb 13 00:42:34 +0000 2019
1095336177287090176,438032,11845,1523,Tue Feb 12 14:57:49 +0000 2019
1095145552243838977,438032,0,447,Tue Feb 12 02:20:21 +0000 2019
1095109228325425153,438032,0,21,Mon Feb 11 23:56:00 +0000 2019
1095003605487243265,438032,0,15144,Mon Feb 11 16:56:18 +0000 2019
1095002309304766465,438032,0,83029,Mon Feb 11 16:51:09 +0000 2019
1094999859134894081,438032,0,2762,Mon Feb 11 16:41:25 +0000 2019
1094723391028936704,438032,0,1651,Sun Feb 10 22:22:50 +0000 2019
1094309482837037058,438032,2879,91,Sat Feb 09 18:58:06 +0000 2019
1093972848190939137,438032,0,5334,Fri Feb 08 20:40:26 +0000 2019
1093971690231615489,438032,0,134,Fri Feb 08 20:35:50 +0000 2019
1093581116588597249,438032,0,11732,Thu Feb 07 18:43:50 +0000 2019
1093579789208879109,438032,0,92568,Thu Feb 07 18:38:34 +0000 2019
1093579265180864513,438032,0,747,Thu Feb 07 18:36:29 +0000 2019
1091870648597692416,438032,0,37,Sun Feb 03 01:27:03 +0000 2019
1091815989250060289,438032,0,125,Sat Feb 02 21:49:51 +0000 2019
1091758494926229509,438032,0,218655,Sat Feb 02 18:01:23 +0000 2019
1091505709601177601,438032,4707,421,Sat Feb 02 01:16:55 +0000 2019
1091488630495985664,438032,0,2947,Sat Feb 02 00:09:03 +0000 2019
1091481689325518850,438032,459,53,Fri Feb 01 23:41:28 +0000 2019
1091473549922107393,438032,0,66,Fri Feb 01 23:09:07 +0000 2019
1091448759144333312,438032,0,9,Fri Feb 01 21:30:36 +0000 2019
1091448535634063365,438032,0,22,Fri Feb 01 21:29:43 +0000 2019
1091353770028646401,438032,161,20,Fri Feb 01 15:13:09 +0000 2019
1091157021645254656,438032,0,66,Fri Feb 01 02:11:21 +0000 2019
1091069170962309120,438032,212,20,Thu Jan 31 20:22:16 +0000 2019
1091045871054176256,438032,0,9319,Thu Jan 31 18:49:40 +0000 2019
1090754495766822918,438032,2100,143,Wed Jan 30 23:31:51 +0000 2019
1090277413509050368,438032,6968,1076,Tue Jan 29 15:56:06 +0000 2019
1090003297191297024,438032,0,205,Mon Jan 28 21:46:51 +0000 2019
1089687709147414528,438032,14448,819,Mon Jan 28 00:52:49 +0000 2019
1089657257296646146,438032,10983,966,Sun Jan 27 22:51:49 +0000 2019
1089608358968152069,438032,0,298,Sun Jan 27 19:37:31 +0000 2019
1089594976340725760,438032,0,353,Sun Jan 27 18:44:20 +0000 2019
1089593498918182912,438032,0,95,Sun Jan 27 18:38:28 +0000 2019
1088928580258676736,438032,0,23,Fri Jan 25 22:36:19 +0000 2019
1088641319793315841,438032,0,432,Fri Jan 25 03:34:51 +0000 2019
1088295418067324928,438032,0,99,Thu Jan 24 04:40:21 +0000 2019
1087923031232704512,438032,810,125,Wed Jan 23 04:00:37 +0000 2019
1087789747119050752,438032,0,10,Tue Jan 22 19:11:00 +0000 2019
1087516620921102337,438032,0,285,Tue Jan 22 01:05:42 +0000 2019
1087499478662348800,438032,0,246,Mon Jan 21 23:57:35 +0000 2019
1087019742513246214,438032,0,125,Sun Jan 20 16:11:17 +0000 2019
1086079202682519554,438032,4621,208,Fri Jan 18 01:53:54 +0000 2019
1085965182852100099,438032,846,114,Thu Jan 17 18:20:50 +0000 2019
1085960627598905344,438032,2312,139,Thu Jan 17 18:02:44 +0000 2019
1085350766292975616,438032,0,221,Wed Jan 16 01:39:22 +0000 2019
1085247742627233792,438032,0,471,Tue Jan 15 18:49:59 +0000 2019
1083866359145078785,438032,0,1245,Fri Jan 11 23:20:51 +0000 2019
1082824024030212096,438032,0,57,Wed Jan 09 02:18:59 +0000 2019
1082743194796855297,438032,0,32792,Tue Jan 08 20:57:48 +0000 2019
1082024758865211392,438032,2251,164,Sun Jan 06 21:23:00 +0000 2019
1082024735712702464,438032,0,13292,Sun Jan 06 21:22:54 +0000 2019
1081760640438583296,438032,0,115,Sun Jan 06 03:53:29 +0000 2019
1081700725795840000,438032,0,12761,Sat Jan 05 23:55:24 +0000 2019
1079228779338391552,438032,1133,69,Sun Dec 30 04:12:46 +0000 2018
1078798737550573568,438032,0,63760,Fri Dec 28 23:43:56 +0000 2018
1078753170694774784,438032,0,553,Fri Dec 28 20:42:52 +0000 2018
1078025273021550600,438032,0,14,Wed Dec 26 20:30:28 +0000 2018
1077781499880095744,438032,0,257,Wed Dec 26 04:21:48 +0000 2018
1077634424152485889,438032,438,13,Tue Dec 25 18:37:22 +0000 2018
1077634235698171906,438032,185,5,Tue Dec 25 18:36:37 +0000 2018
1077634125861961728,438032,0,5,Tue Dec 25 18:36:11 +0000 2018
1077634093553250305,438032,850,24,Tue Dec 25 18:36:04 +0000 2018
1077633969091428353,438032,50,2,Tue Dec 25 18:35:34 +0000 2018
1077633227060322304,438032,0,9,Tue Dec 25 18:32:37 +0000 2018
1077633032121708545,438032,0,10,Tue Dec 25 18:31:50 +0000 2018
1077614066603040769,438032,351,8,Tue Dec 25 17:16:29 +0000 2018
1077613994796564480,438032,0,12,Tue Dec 25 17:16:12 +0000 2018
1077611802907893760,438032,0,8,Tue Dec 25 17:07:29 +0000 2018
1077611342910181377,438032,0,13,Tue Dec 25 17:05:39 +0000 2018
1077611109195173888,438032,0,8,Tue Dec 25 17:04:44 +0000 2018
1077571504739704832,438032,0,103,Tue Dec 25 14:27:21 +0000 2018
1077363804370075648,438032,0,41,Tue Dec 25 00:42:02 +0000 2018
1077339639525052417,438032,0,45,Mon Dec 24 23:06:00 +0000 2018
1077336296970960896,438032,10033,1753,Mon Dec 24 22:52:43 +0000 2018
1075772613392097280,438032,890,88,Thu Dec 20 15:19:12 +0000 2018
1075557734999908353,438032,0,766,Thu Dec 20 01:05:21 +0000 2018
1075402910194913282,438032,0,1423,Wed Dec 19 14:50:08 +0000 2018
1075230300416942081,438032,0,3707,Wed Dec 19 03:24:15 +0000 2018
1075226014886871040,438032,13161,1377,Wed Dec 19 03:07:13 +0000 2018
1075205368609996803,438032,0,49,Wed Dec 19 01:45:10 +0000 2018
1075202579964067840,438032,0,114,Wed Dec 19 01:34:06 +0000 2018
1075198441062584320,438032,0,938,Wed Dec 19 01:17:39 +0000 2018
1074843612276510720,438032,0,23,Tue Dec 18 01:47:41 +0000 2018
1074496548459986944,438032,0,1068,Mon Dec 17 02:48:34 +0000 2018
1074496470487830529,438032,0,674,Mon Dec 17 02:48:16 +0000 2018
1074496387805532160,438032,5671,272,Mon Dec 17 02:47:56 +0000 2018
1074496226542923777,438032,146,2,Mon Dec 17 02:47:18 +0000 2018
1073417435636789248,438032,0,134,Fri Dec 14 03:20:34 +0000 2018
1073397488382590976,438032,0,31,Fri Dec 14 02:01:18 +0000 2018
1073395800963735552,438032,0,62,Fri Dec 14 01:54:36 +0000 2018
1073072526690082816,438032,0,816,Thu Dec 13 04:30:01 +0000 2018
1073004793264771073,438032,0,1103,Thu Dec 13 00:00:52 +0000 2018
1072867794147004416,438032,0,583,Wed Dec 12 14:56:29 +0000 2018
1072867134521397248,438032,0,2252,Wed Dec 12 14:53:52 +0000 2018
1072253599063924736,438032,0,4127,Mon Dec 10 22:15:54 +0000 2018
1072252735771369477,438032,0,2333,Mon Dec 10 22:12:28 +0000 2018
1072250886766899207,438032,0,19688,Mon Dec 10 22:05:07 +0000 2018
1072221723083370496,438032,0,14,Mon Dec 10 20:09:14 +0000 2018
1071920627118952448,438032,3618,201,Mon Dec 10 00:12:47 +0000 2018
1071482716208685059,438032,0,89,Sat Dec 08 19:12:41 +0000 2018
1071453071090348033,438032,0,1527,Sat Dec 08 17:14:53 +0000 2018
1071122724054024192,438032,0,84,Fri Dec 07 19:22:12 +0000 2018
1070864696096579585,438032,902,92,Fri Dec 07 02:16:53 +0000 2018
1070436105890250754,438032,4869,388,Wed Dec 05 21:53:50 +0000 2018
1070119331781062656,438032,8759,499,Wed Dec 05 00:55:05 +0000 2018
1069629572629610496,438032,0,1535,Mon Dec 03 16:28:57 +0000 2018
859488112514347008,438032,0,39,Tue May 02 19:21:49 +0000 2017
316970841487335424,438032,0,1,Wed Mar 27 17:51:52 +0000 2013
